State,Area name,hs_diploma_up,Rank
MT,Petroleum County,99.4,1.0
CO,Ouray County,98.6,2.0
CO,Custer County,98.4,3.0
AK,Denali Borough,98.3,4.5
CO,San Miguel County,98.3,4.5
NE,Loup County,98.2,6.0
NM,Los Alamos County,98.1,7.0
CO,Mineral County,98,8.0
CO,Gunnison County,97.9,10.0
CO,Douglas County,97.9,10.0
UT,Morgan County,97.9,10.0
CO,Teller County,97.8,12.0
AK,Haines Borough,97.6,13.5
MT,Garfield County,97.6,13.5
CO,Park County,97.5,15.5
MN,Lake of the Woods County,97.5,15.5
CO,Pitkin County,97.4,18.0
CO,Clear Creek County,97.4,18.0
MT,Gallatin County,97.4,18.0
VA,Falls Church city,97.3,20.5
WI,Ozaukee County,97.3,20.5
IN,Hamilton County,97.2,23.0
NE,Cherry County,97.2,23.0
OH,Delaware County,97.2,23.0
CO,Kiowa County,97.1,25.0
UT,Rich County,96.9,26.5
IA,Story County,96.9,26.5
NE,Garfield County,96.8,28.0
MO,Platte County,96.6,33.0
SD,Sully County,96.6,33.0
MT,Park County,96.6,33.0
CO,Broomfield County,96.6,33.0
CO,San Juan County,96.6,33.0
CO,La Plata County,96.6,33.0
CO,Routt County,96.6,33.0
NE,Hamilton County,96.6,33.0
MN,Cook County,96.6,33.0
VA,Lexington city,96.5,40.5
IA,Bremer County,96.5,40.5
IA,Madison County,96.5,40.5
CO,Dolores County,96.5,40.5
KS,Wabaunsee County,96.5,40.5
ID,Latah County,96.5,40.5
WI,St. Croix County,96.4,46.5
MI,Keweenaw County,96.4,46.5
MI,Leelanau County,96.4,46.5
CO,Hinsdale County,96.4,46.5
WI,Waukesha County,96.4,46.5
MT,Meagher County,96.4,46.5
ND,Steele County,96.3,54.5
MN,Washington County,96.3,54.5
MT,Madison County,96.3,54.5
MT,Missoula County,96.3,54.5
CO,Elbert County,96.3,54.5
IA,Johnson County,96.3,54.5
KS,Johnson County,96.3,54.5
SD,Brookings County,96.3,54.5
CO,Larimer County,96.3,54.5
OR,Benton County,96.3,54.5
KS,Riley County,96.2,63.0
NE,Wayne County,96.2,63.0
KS,Smith County,96.2,63.0
MN,Carver County,96.2,63.0
KS,Douglas County,96.2,63.0
SD,Hughes County,96.2,63.0
MA,Nantucket County,96.2,63.0
MT,McCone County,96.1,69.0
WA,Jefferson County,96.1,69.0
WY,Teton County,96.1,69.0
WI,Dane County,96.1,69.0
GA,Oconee County,96.1,69.0
MT,Sweet Grass County,96,73.5
NE,Logan County,96,73.5
UT,Wasatch County,96,73.5
IL,McLean County,96,73.5
NE,Rock County,95.9,79.0
MI,Livingston County,95.9,79.0
IA,Dallas County,95.9,79.0
WY,Albany County,95.9,79.0
SD,Lincoln County,95.9,79.0
IA,Winneshiek County,95.9,79.0
MA,Dukes County,95.9,79.0
IA,Warren County,95.8,86.0
SD,Haakon County,95.8,86.0
KS,Sheridan County,95.8,86.0
WY,Hot Springs County,95.8,86.0
WY,Sheridan County,95.8,86.0
WI,Iowa County,95.8,86.0
MN,Dodge County,95.8,86.0
MA,Barnstable County,95.7,97.0
WA,San Juan County,95.7,97.0
NJ,Hunterdon County,95.7,97.0
MT,Lewis and Clark County,95.7,97.0
KS,Comanche County,95.7,97.0
KS,Pottawatomie County,95.7,97.0
IL,Menard County,95.7,97.0
KS,Lane County,95.7,97.0
MI,Washtenaw County,95.7,97.0
WI,Iron County,95.7,97.0
UT,Davis County,95.7,97.0
UT,Daggett County,95.7,97.0
ME,Cumberland County,95.7,97.0
WI,La Crosse County,95.7,97.0
TN,Williamson County,95.7,97.0
VA,Poquoson city,95.6,109.0
NE,Washington County,95.6,109.0
KS,Wallace County,95.6,109.0
MI,Dickinson County,95.6,109.0
VA,James City County,95.6,109.0
MN,Kittson County,95.6,109.0
ID,Madison County,95.6,109.0
NE,Arthur County,95.6,109.0
WI,Eau Claire County,95.6,109.0
MT,Carbon County,95.5,121.0
WA,Island County,95.5,121.0
MD,Howard County,95.5,121.0
IA,Cedar County,95.5,121.0
KS,Rawlins County,95.5,121.0
NH,Rockingham County,95.5,121.0
IA,Dickinson County,95.5,121.0
PA,Butler County,95.5,121.0
MN,Houston County,95.5,121.0
KS,Lincoln County,95.5,121.0
SD,Meade County,95.5,121.0
CO,Boulder County,95.5,121.0
AK,Juneau City and Borough,95.5,121.0
WI,Door County,95.5,121.0
IA,Clay County,95.5,121.0
IL,Monroe County,95.4,134.5
NE,Sarpy County,95.4,134.5
MO,St. Charles County,95.4,134.5
WY,Johnson County,95.4,134.5
WY,Park County,95.4,134.5
MN,Douglas County,95.4,134.5
MT,Fallon County,95.4,134.5
WI,Bayfield County,95.4,134.5
NE,Howard County,95.4,134.5
IA,Grundy County,95.4,134.5
ND,Grand Forks County,95.4,134.5
MI,Emmet County,95.4,134.5
KS,Miami County,95.3,147.5
IA,Mills County,95.3,147.5
NE,Keya Paha County,95.3,147.5
NC,Dare County,95.3,147.5
AK,"Chugach Census Area, Alaska",95.3,147.5
MN,Chisago County,95.3,147.5
MI,Clinton County,95.3,147.5
NJ,Sussex County,95.3,147.5
MI,Marquette County,95.3,147.5
MT,Fergus County,95.3,147.5
MA,Hampshire County,95.3,147.5
ND,Cass County,95.3,147.5
WA,Whitman County,95.3,147.5
MT,Richland County,95.3,147.5
UT,Garfield County,95.2,157.5
IN,Hendricks County,95.2,157.5
KS,Republic County,95.2,157.5
ME,Hancock County,95.2,157.5
WA,Kitsap County,95.2,157.5
VA,York County,95.2,157.5
PA,Allegheny County,95.1,168.0
NV,Eureka County,95.1,168.0
SD,Hanson County,95.1,168.0
CA,Nevada County,95.1,168.0
MN,Pennington County,95.1,168.0
CO,Jefferson County,95.1,168.0
MN,Dakota County,95.1,168.0
MI,Grand Traverse County,95.1,168.0
WY,Sublette County,95.1,168.0
NH,Carroll County,95.1,168.0
UT,Summit County,95.1,168.0
UT,Utah County,95.1,168.0
WI,Vilas County,95.1,168.0
GA,Chattahoochee County,95.1,168.0
WI,Pierce County,95.1,168.0
NY,Tompkins County,95,183.0
VT,Chittenden County,95,183.0
MT,Yellowstone County,95,183.0
NE,Hitchcock County,95,183.0
NE,Boyd County,95,183.0
IL,McDonough County,95,183.0
WI,Washington County,95,183.0
MI,Eaton County,95,183.0
MT,Dawson County,95,183.0
OH,Medina County,95,183.0
MO,Boone County,95,183.0
KS,Cloud County,95,183.0
OH,Wood County,95,183.0
MN,Scott County,95,183.0
CT,Middlesex County,95,183.0
ND,Burleigh County,94.9,197.5
MN,Clay County,94.9,197.5
MN,Nicollet County,94.9,197.5
NE,Wheeler County,94.9,197.5
MN,Olmsted County,94.9,197.5
KS,Jefferson County,94.9,197.5
MT,Flathead County,94.9,197.5
KS,Ottawa County,94.9,197.5
PA,Westmoreland County,94.9,197.5
VA,Arlington County,94.9,197.5
NM,Catron County,94.9,197.5
NE,Dawes County,94.9,197.5
ID,Ada County,94.9,197.5
MT,Judith Basin County,94.9,197.5
AK,Sitka City and Borough,94.8,214.5
ND,Barnes County,94.8,214.5
MN,Le Sueur County,94.8,214.5
CA,Placer County,94.8,214.5
SD,Clay County,94.8,214.5
VT,Grand Isle County,94.8,214.5
NE,Boone County,94.8,214.5
IL,Champaign County,94.8,214.5
SD,Harding County,94.8,214.5
NE,Sioux County,94.8,214.5
NE,Kearney County,94.8,214.5
WI,Portage County,94.8,214.5
CT,Tolland County,94.8,214.5
IA,Adair County,94.8,214.5
GA,Fayette County,94.8,214.5
WI,Menominee County,94.8,214.5
FL,St. Johns County,94.8,214.5
AK,Bristol Bay Borough,94.8,214.5
KS,Mitchell County,94.8,214.5
IA,Linn County,94.8,214.5
NE,Stanton County,94.7,230.5
NE,Saunders County,94.7,230.5
WI,Oneida County,94.7,230.5
WI,Calumet County,94.7,230.5
IA,Jones County,94.7,230.5
ID,Boise County,94.7,230.5
KS,Trego County,94.7,230.5
MI,Midland County,94.7,230.5
MI,Oakland County,94.7,230.5
IA,Fremont County,94.7,230.5
MN,Blue Earth County,94.7,230.5
CA,El Dorado County,94.7,230.5
IN,Warrick County,94.6,242.5
NJ,Morris County,94.6,242.5
MN,Pope County,94.6,242.5
PA,Montgomery County,94.6,242.5
AK,Yakutat City and Borough,94.6,242.5
VT,Washington County,94.6,242.5
MN,St. Louis County,94.6,242.5
IA,Adams County,94.6,242.5
MT,Jefferson County,94.6,242.5
OH,Putnam County,94.6,242.5
IA,Iowa County,94.6,242.5
MN,Wright County,94.6,242.5
CO,Grand County,94.5,256.0
MD,Calvert County,94.5,256.0
OH,Warren County,94.5,256.0
ME,York County,94.5,256.0
VA,Virginia Beach city,94.5,256.0
MT,Beaverhead County,94.5,256.0
CO,Summit County,94.5,256.0
CA,Plumas County,94.5,256.0
CO,Chaffee County,94.5,256.0
RI,Washington County,94.5,256.0
AK,Fairbanks North Star Borough,94.5,256.0
ND,Cavalier County,94.5,256.0
MN,Red Lake County,94.5,256.0
MN,Itasca County,94.5,256.0
PA,Beaver County,94.5,256.0
MO,Pulaski County,94.4,274.5
SD,Lawrence County,94.4,274.5
IA,Plymouth County,94.4,274.5
PA,Bucks County,94.4,274.5
MO,Putnam County,94.4,274.5
OR,Clackamas County,94.4,274.5
MN,Goodhue County,94.4,274.5
CO,El Paso County,94.4,274.5
SD,Union County,94.4,274.5
VT,Addison County,94.4,274.5
NE,Fillmore County,94.4,274.5
MN,Rock County,94.4,274.5
NE,Custer County,94.4,274.5
IA,Winnebago County,94.4,274.5
MN,Wabasha County,94.4,274.5
PA,Chester County,94.4,274.5
NE,Cass County,94.4,274.5
IN,Boone County,94.4,274.5
MN,Hubbard County,94.4,274.5
SD,Pennington County,94.4,274.5
PA,Centre County,94.4,274.5
RI,Newport County,94.4,274.5
MN,Sherburne County,94.3,295.0
NE,Pierce County,94.3,295.0
OH,Union County,94.3,295.0
IA,Guthrie County,94.3,295.0
IL,Woodford County,94.3,295.0
ND,Traill County,94.3,295.0
NJ,Somerset County,94.3,295.0
NE,Webster County,94.3,295.0
OR,Deschutes County,94.3,295.0
NE,Seward County,94.3,295.0
UT,Emery County,94.3,295.0
CA,Sierra County,94.3,295.0
KS,Clark County,94.3,295.0
SD,Jones County,94.3,295.0
WI,Douglas County,94.3,295.0
WI,Outagamie County,94.3,295.0
KS,Gove County,94.3,295.0
KS,Jackson County,94.3,295.0
MI,Kalamazoo County,94.3,295.0
WA,Thurston County,94.2,313.0
IA,Butler County,94.2,313.0
IA,Carroll County,94.2,313.0
FL,Seminole County,94.2,313.0
NE,Frontier County,94.2,313.0
MI,Gogebic County,94.2,313.0
TX,Loving County,94.2,313.0
MA,Norfolk County,94.2,313.0
UT,Cache County,94.2,313.0
NE,Cedar County,94.2,313.0
WY,Washakie County,94.2,313.0
NV,Douglas County,94.2,313.0
NE,York County,94.2,313.0
KS,Clay County,94.2,313.0
VA,Montgomery County,94.2,313.0
AK,Anchorage Municipality,94.2,313.0
ND,Billings County,94.2,313.0
WA,Spokane County,94.1,332.5
VT,Windsor County,94.1,332.5
IN,Porter County,94.1,332.5
MN,Wilkin County,94.1,332.5
ND,Golden Valley County,94.1,332.5
KS,Osborne County,94.1,332.5
IA,Jasper County,94.1,332.5
AK,"Copper River Census Area, Alaska",94.1,332.5
ND,Burke County,94.1,332.5
IA,Poweshiek County,94.1,332.5
NJ,Monmouth County,94.1,332.5
IA,Boone County,94.1,332.5
MO,St. Louis County,94.1,332.5
SD,Moody County,94.1,332.5
MO,Holt County,94.1,332.5
MT,Custer County,94.1,332.5
CO,Archuleta County,94.1,332.5
VA,Loudoun County,94.1,332.5
MN,Crow Wing County,94.1,332.5
MN,Anoka County,94.1,332.5
NJ,Cape May County,94.1,332.5
IA,Benton County,94.1,332.5
NE,Valley County,94,355.5
TX,Williamson County,94,355.5
WY,Laramie County,94,355.5
AK,Kenai Peninsula Borough,94,355.5
IL,Scott County,94,355.5
ME,Lincoln County,94,355.5
NV,Storey County,94,355.5
AK,Ketchikan Gateway Borough,94,355.5
OR,Wallowa County,94,355.5
MN,Meeker County,94,355.5
WI,Columbia County,94,355.5
SD,Potter County,94,355.5
VT,Bennington County,94,355.5
KS,Ellis County,94,355.5
IA,Marion County,94,355.5
VA,Goochland County,94,355.5
OH,Greene County,94,355.5
ME,Sagadahoc County,94,355.5
WA,Garfield County,94,355.5
IA,Calhoun County,94,355.5
IA,Scott County,94,355.5
NJ,Burlington County,94,355.5
MI,Charlevoix County,94,355.5
WI,Dunn County,94,355.5
IN,Monroe County,93.9,376.5
VA,Botetourt County,93.9,376.5
MO,Nodaway County,93.9,376.5
WI,Kewaunee County,93.9,376.5
NE,Gosper County,93.9,376.5
NE,Lincoln County,93.9,376.5
KY,Oldham County,93.9,376.5
TX,Collin County,93.9,376.5
SD,Clark County,93.9,376.5
WI,Sheboygan County,93.9,376.5
KS,Geary County,93.9,376.5
MN,Lac qui Parle County,93.9,376.5
WI,Polk County,93.9,376.5
CA,Trinity County,93.9,376.5
NH,Strafford County,93.9,376.5
WY,Natrona County,93.9,376.5
KS,Atchison County,93.9,376.5
CT,Litchfield County,93.9,376.5
MN,Carlton County,93.8,399.0
MN,McLeod County,93.8,399.0
VA,Hanover County,93.8,399.0
ND,Ward County,93.8,399.0
KS,Graham County,93.8,399.0
ME,Kennebec County,93.8,399.0
MI,Ottawa County,93.8,399.0
KS,Coffey County,93.8,399.0
IA,Buchanan County,93.8,399.0
ND,Sargent County,93.8,399.0
MD,Carroll County,93.8,399.0
KS,Butler County,93.8,399.0
MD,Harford County,93.8,399.0
NE,Cheyenne County,93.8,399.0
NE,Butler County,93.8,399.0
NC,Orange County,93.8,399.0
MN,Hennepin County,93.8,399.0
NE,Garden County,93.8,399.0
NE,Brown County,93.8,399.0
PA,Washington County,93.8,399.0
WI,Ashland County,93.8,399.0
IA,Dubuque County,93.8,399.0
MT,Silver Bow County,93.8,399.0
MT,Powder River County,93.8,399.0
UT,Grand County,93.8,399.0
TX,Comal County,93.8,399.0
IL,Piatt County,93.8,399.0
OH,Henry County,93.7,425.5
NH,Cheshire County,93.7,425.5
NC,New Hanover County,93.7,425.5
KS,Washington County,93.7,425.5
NY,Saratoga County,93.7,425.5
OH,Auglaize County,93.7,425.5
MI,Ingham County,93.7,425.5
NJ,Gloucester County,93.7,425.5
ND,Oliver County,93.7,425.5
NE,Holt County,93.7,425.5
AK,Matanuska-Susitna Borough,93.7,425.5
AK,Hoonah-Angoon Census Area,93.7,425.5
HI,Kalawao County,93.7,425.5
TX,Randall County,93.7,425.5
OH,Wyandot County,93.7,425.5
FL,Sarasota County,93.7,425.5
UT,Washington County,93.7,425.5
CA,Alpine County,93.7,425.5
KS,Linn County,93.7,425.5
UT,Box Elder County,93.7,425.5
IA,Lyon County,93.7,425.5
VT,Rutland County,93.7,425.5
MN,Lincoln County,93.7,425.5
VT,Windham County,93.7,425.5
CO,Gilpin County,93.7,425.5
SD,Stanley County,93.7,425.5
WI,Winnebago County,93.6,454.0
VT,Orange County,93.6,454.0
WY,Uinta County,93.6,454.0
WV,Mineral County,93.6,454.0
ME,Franklin County,93.6,454.0
ID,Kootenai County,93.6,454.0
WY,Lincoln County,93.6,454.0
NC,Wake County,93.6,454.0
ME,Knox County,93.6,454.0
TX,Rockwall County,93.6,454.0
TX,Roberts County,93.6,454.0
IA,Kossuth County,93.6,454.0
IL,McHenry County,93.6,454.0
AL,Shelby County,93.6,454.0
MA,Middlesex County,93.6,454.0
NV,Churchill County,93.6,454.0
MA,Franklin County,93.6,454.0
NH,Belknap County,93.6,454.0
IL,Grundy County,93.6,454.0
MD,Charles County,93.6,454.0
TN,Montgomery County,93.6,454.0
IA,Sac County,93.6,454.0
NE,Richardson County,93.6,454.0
IL,Kendall County,93.6,454.0
MN,Cass County,93.6,454.0
MO,Andrew County,93.6,454.0
MO,Clay County,93.6,454.0
GA,Forsyth County,93.6,454.0
MI,Otsego County,93.6,454.0
WA,King County,93.6,454.0
OH,Fairfield County,93.6,454.0
SD,Fall River County,93.5,480.0
IA,Jackson County,93.5,480.0
VA,Fluvanna County,93.5,480.0
ME,Penobscot County,93.5,480.0
IN,Warren County,93.5,480.0
IA,Cherokee County,93.5,480.0
IA,Shelby County,93.5,480.0
MN,Stevens County,93.5,480.0
IL,DuPage County,93.5,480.0
OH,Hancock County,93.5,480.0
MN,Traverse County,93.5,480.0
KS,Brown County,93.5,480.0
IA,Cerro Gordo County,93.5,480.0
VA,Chesapeake city,93.5,480.0
MI,Barry County,93.5,480.0
KS,Chase County,93.5,480.0
ND,Renville County,93.5,480.0
VA,Roanoke County,93.5,480.0
NE,Thayer County,93.5,480.0
IA,Monroe County,93.5,480.0
KY,Scott County,93.5,480.0
SC,Beaufort County,93.4,502.5
NY,Putnam County,93.4,502.5
IL,Putnam County,93.4,502.5
MD,Anne Arundel County,93.4,502.5
IA,Palo Alto County,93.4,502.5
NE,Hayes County,93.4,502.5
PA,Delaware County,93.4,502.5
MN,Lake County,93.4,502.5
IL,Hancock County,93.4,502.5
VA,Williamsburg city,93.4,502.5
IA,Hamilton County,93.4,502.5
ID,Bannock County,93.4,502.5
CA,Marin County,93.4,502.5
GA,Harris County,93.4,502.5
UT,Iron County,93.4,502.5
MN,Martin County,93.4,502.5
KS,Nemaha County,93.4,502.5
IA,Chickasaw County,93.4,502.5
OR,Gilliam County,93.4,502.5
ND,Grant County,93.4,502.5
WI,Sawyer County,93.4,502.5
KS,Dickinson County,93.4,502.5
KS,Decatur County,93.4,502.5
VT,Lamoille County,93.4,502.5
VA,New Kent County,93.3,526.0
KS,Shawnee County,93.3,526.0
WY,Converse County,93.3,526.0
NE,Lancaster County,93.3,526.0
WI,Wood County,93.3,526.0
MO,Cass County,93.3,526.0
MN,Roseau County,93.3,526.0
MO,Clinton County,93.3,526.0
VA,Salem city,93.3,526.0
MN,Winona County,93.3,526.0
KS,Saline County,93.3,526.0
MI,Mason County,93.3,526.0
ND,Nelson County,93.3,526.0
IA,Lee County,93.3,526.0
ND,McKenzie County,93.3,526.0
WV,Monongalia County,93.3,526.0
TX,Kendall County,93.3,526.0
IN,Hancock County,93.3,526.0
IL,Tazewell County,93.3,526.0
VA,Albemarle County,93.3,526.0
NY,Ontario County,93.3,526.0
GA,Fulton County,93.3,526.0
VA,Fairfax County,93.3,526.0
SD,Minnehaha County,93.2,547.5
SD,Brown County,93.2,547.5
VA,Stafford County,93.2,547.5
IL,Shelby County,93.2,547.5
ND,Bottineau County,93.2,547.5
IA,Ringgold County,93.2,547.5
FL,Alachua County,93.2,547.5
KY,Boone County,93.2,547.5
FL,Leon County,93.2,547.5
OH,Miami County,93.2,547.5
IA,Humboldt County,93.2,547.5
PA,Cumberland County,93.2,547.5
NJ,Warren County,93.2,547.5
MN,Brown County,93.2,547.5
TX,Denton County,93.2,547.5
KS,Sumner County,93.2,547.5
MI,Antrim County,93.2,547.5
WA,Whatcom County,93.2,547.5
ID,Nez Perce County,93.2,547.5
MI,Ontonagon County,93.2,547.5
KY,Campbell County,93.1,571.5
MT,Valley County,93.1,571.5
CO,Cheyenne County,93.1,571.5
VA,Alexandria city,93.1,571.5
WY,Goshen County,93.1,571.5
KS,Russell County,93.1,571.5
KS,Crawford County,93.1,571.5
IA,Worth County,93.1,571.5
MI,Menominee County,93.1,571.5
OH,Lake County,93.1,571.5
PA,Pike County,93.1,571.5
WI,Waupaca County,93.1,571.5
PA,Warren County,93.1,571.5
AR,Faulkner County,93.1,571.5
MA,Berkshire County,93.1,571.5
OH,Fulton County,93.1,571.5
MN,Lyon County,93.1,571.5
IL,Effingham County,93.1,571.5
NE,Merrick County,93.1,571.5
CT,New London County,93.1,571.5
IL,De Witt County,93.1,571.5
IA,Greene County,93.1,571.5
ME,Waldo County,93.1,571.5
ID,Bear Lake County,93.1,571.5
IN,Wells County,93.1,571.5
NH,Merrimack County,93.1,571.5
NE,McPherson County,93.1,571.5
IL,Clark County,93.1,571.5
MN,Beltrami County,93,596.5
MD,Frederick County,93,596.5
IN,Brown County,93,596.5
MO,Johnson County,93,596.5
IL,Cumberland County,93,596.5
MI,Houghton County,93,596.5
MI,Benzie County,93,596.5
MA,Plymouth County,93,596.5
MT,Cascade County,93,596.5
IL,Madison County,93,596.5
NE,Otoe County,93,596.5
NE,Nance County,93,596.5
MT,Daniels County,93,596.5
OH,Seneca County,93,596.5
PA,Elk County,93,596.5
NC,Watauga County,93,596.5
GA,Houston County,93,596.5
ND,Pierce County,93,596.5
OR,Washington County,93,596.5
WV,Ohio County,93,596.5
NH,Grafton County,93,596.5
WA,Clark County,93,596.5
KS,Pratt County,92.9,625.0
VT,Caledonia County,92.9,625.0
WA,Skamania County,92.9,625.0
IA,Keokuk County,92.9,625.0
WA,Snohomish County,92.9,625.0
SC,Charleston County,92.9,625.0
PA,Wyoming County,92.9,625.0
WV,Brooke County,92.9,625.0
NJ,Bergen County,92.9,625.0
KS,Leavenworth County,92.9,625.0
TN,Wilson County,92.9,625.0
SD,Custer County,92.9,625.0
MN,Redwood County,92.9,625.0
WI,Green County,92.9,625.0
HI,Hawaii County,92.9,625.0
NE,Clay County,92.9,625.0
NC,Brunswick County,92.9,625.0
OH,Van Wert County,92.9,625.0
WY,Weston County,92.9,625.0
OR,Lane County,92.9,625.0
MN,Waseca County,92.9,625.0
KS,Rice County,92.9,625.0
IA,Des Moines County,92.9,625.0
WY,Crook County,92.9,625.0
MO,Greene County,92.9,625.0
NE,Grant County,92.9,625.0
NH,Hillsborough County,92.9,625.0
WA,Clallam County,92.9,625.0
OH,Mercer County,92.9,625.0
GA,Cobb County,92.9,625.0
GA,Columbia County,92.9,625.0
MD,Queen Anne's County,92.9,625.0
MN,Becker County,92.9,625.0
FL,Okaloosa County,92.9,625.0
SD,Hand County,92.9,625.0
VA,Fairfax city,92.8,657.5
MN,Jackson County,92.8,657.5
NY,Otsego County,92.8,657.5
KS,Morris County,92.8,657.5
MN,Grant County,92.8,657.5
IA,Lucas County,92.8,657.5
NY,Albany County,92.8,657.5
OR,Lincoln County,92.8,657.5
OR,Union County,92.8,657.5
WI,Washburn County,92.8,657.5
IA,Floyd County,92.8,657.5
MD,Worcester County,92.8,657.5
OH,Logan County,92.8,657.5
OH,Licking County,92.8,657.5
NJ,Ocean County,92.8,657.5
WI,Marathon County,92.8,657.5
MT,Broadwater County,92.8,657.5
IA,Jefferson County,92.8,657.5
OH,Jefferson County,92.8,657.5
NE,Harlan County,92.8,657.5
VA,Fauquier County,92.8,657.5
IL,Sangamon County,92.8,657.5
MI,Delta County,92.8,657.5
NE,Hooker County,92.8,657.5
IN,Johnson County,92.8,657.5
MN,Polk County,92.8,657.5
IA,Monona County,92.8,657.5
IA,Mitchell County,92.8,657.5
WI,Chippewa County,92.8,657.5
IN,Huntington County,92.8,657.5
NC,Polk County,92.7,684.5
IA,Wright County,92.7,684.5
KS,Franklin County,92.7,684.5
ND,Adams County,92.7,684.5
ND,Divide County,92.7,684.5
KS,Jewell County,92.7,684.5
MT,Stillwater County,92.7,684.5
MT,Wibaux County,92.7,684.5
UT,Kane County,92.7,684.5
IN,Posey County,92.7,684.5
KS,Allen County,92.7,684.5
NE,Banner County,92.7,684.5
WI,Burnett County,92.7,684.5
HI,Honolulu County,92.7,684.5
NY,Tioga County,92.7,684.5
WV,Marshall County,92.7,684.5
WA,Pend Oreille County,92.7,684.5
IL,DeKalb County,92.7,684.5
IL,Calhoun County,92.7,684.5
NY,Madison County,92.7,684.5
VA,Henrico County,92.7,684.5
ID,Franklin County,92.7,684.5
WY,Sweetwater County,92.7,684.5
WA,Wahkiakum County,92.7,684.5
MN,Sibley County,92.6,706.5
MT,Ravalli County,92.6,706.5
PA,McKean County,92.6,706.5
MI,Alpena County,92.6,706.5
MT,Sheridan County,92.6,706.5
WI,Lincoln County,92.6,706.5
WI,Manitowoc County,92.6,706.5
NY,Genesee County,92.6,706.5
TX,Carson County,92.6,706.5
IA,Ida County,92.6,706.5
NE,Red Willow County,92.6,706.5
VA,Chesterfield County,92.6,706.5
IN,Tippecanoe County,92.6,706.5
OH,Summit County,92.6,706.5
VA,Mathews County,92.6,706.5
MO,Cole County,92.6,706.5
OH,Sandusky County,92.6,706.5
MN,Otter Tail County,92.6,706.5
IL,Williamson County,92.6,706.5
ID,Adams County,92.6,706.5
MI,Isabella County,92.5,732.5
SD,Edmunds County,92.5,732.5
PA,Cambria County,92.5,732.5
FL,Brevard County,92.5,732.5
IA,Polk County,92.5,732.5
GA,Towns County,92.5,732.5
ID,Bonneville County,92.5,732.5
RI,Kent County,92.5,732.5
IL,Henderson County,92.5,732.5
WI,Pepin County,92.5,732.5
MO,Christian County,92.5,732.5
ID,Clearwater County,92.5,732.5
IA,Fayette County,92.5,732.5
WI,Jefferson County,92.5,732.5
HI,Maui County,92.5,732.5
MN,Faribault County,92.5,732.5
VA,Charlottesville city,92.5,732.5
OK,Dewey County,92.5,732.5
VA,Hampton city,92.5,732.5
MT,Phillips County,92.5,732.5
TX,Sterling County,92.5,732.5
WV,Putnam County,92.5,732.5
ND,Richland County,92.5,732.5
MT,Teton County,92.5,732.5
VA,King William County,92.5,732.5
AK,Southeast Fairbanks Census Area,92.5,732.5
IL,Schuyler County,92.5,732.5
MT,Mineral County,92.5,732.5
KS,Logan County,92.5,732.5
ND,Ransom County,92.5,732.5
UT,Juab County,92.5,732.5
IL,Mercer County,92.5,732.5
OH,Portage County,92.4,764.0
IA,Hardin County,92.4,764.0
WA,Stevens County,92.4,764.0
PA,Blair County,92.4,764.0
WI,Shawano County,92.4,764.0
WY,Campbell County,92.4,764.0
UT,Sevier County,92.4,764.0
UT,Tooele County,92.4,764.0
PA,Armstrong County,92.4,764.0
VA,Bedford County,92.4,764.0
IL,Adams County,92.4,764.0
KS,Rush County,92.4,764.0
ID,Teton County,92.4,764.0
IL,Marshall County,92.4,764.0
WI,Price County,92.4,764.0
MN,Yellow Medicine County,92.4,764.0
PA,Cameron County,92.4,764.0
GA,Henry County,92.4,764.0
WI,Crawford County,92.4,764.0
MI,Mecosta County,92.4,764.0
IL,Jersey County,92.4,764.0
WI,Grant County,92.4,764.0
WI,Brown County,92.4,764.0
KY,Fayette County,92.4,764.0
MN,Koochiching County,92.4,764.0
ND,McLean County,92.4,764.0
MI,Luce County,92.4,764.0
KY,McCracken County,92.4,764.0
ND,Griggs County,92.4,764.0
NE,Franklin County,92.4,764.0
AK,Prince of Wales-Hyder Census Area,92.4,764.0
VA,King George County,92.3,792.5
DE,New Castle County,92.3,792.5
FL,Santa Rosa County,92.3,792.5
OR,Multnomah County,92.3,792.5
KS,Greenwood County,92.3,792.5
WY,Fremont County,92.3,792.5
WI,Fond du Lac County,92.3,792.5
WA,Kittitas County,92.3,792.5
FL,Flagler County,92.3,792.5
MN,Stearns County,92.3,792.5
TN,Rutherford County,92.3,792.5
MI,Iron County,92.3,792.5
NE,Thomas County,92.3,792.5
GA,Bryan County,92.3,792.5
MT,Carter County,92.3,792.5
OH,Ottawa County,92.3,792.5
ND,Foster County,92.3,792.5
MT,Lake County,92.3,792.5
OH,Stark County,92.3,792.5
NE,Knox County,92.3,792.5
NC,Currituck County,92.3,792.5
NE,Buffalo County,92.3,792.5
IL,Richland County,92.3,792.5
IN,Steuben County,92.3,792.5
NE,Antelope County,92.3,792.5
ND,McHenry County,92.3,792.5
NC,Moore County,92.2,817.5
SD,Hamlin County,92.2,817.5
IA,Delaware County,92.2,817.5
ND,Dickey County,92.2,817.5
IL,St. Clair County,92.2,817.5
NY,Rensselaer County,92.2,817.5
MN,Rice County,92.2,817.5
DC,District of Columbia,92.2,817.5
IL,Jo Daviess County,92.2,817.5
IA,Harrison County,92.2,817.5
IA,Montgomery County,92.2,817.5
IL,Henry County,92.2,817.5
WI,Oconto County,92.2,817.5
FL,Pinellas County,92.2,817.5
TX,Borden County,92.2,817.5
WA,Lincoln County,92.2,817.5
TN,Knox County,92.2,817.5
VA,Radford city,92.2,817.5
NE,Nuckolls County,92.2,817.5
WY,Niobrara County,92.2,817.5
OR,Clatsop County,92.2,817.5
KS,Stafford County,92.2,817.5
MN,Norman County,92.2,817.5
TX,Armstrong County,92.2,817.5
OH,Defiance County,92.1,846.5
CO,Arapahoe County,92.1,846.5
NY,Erie County,92.1,846.5
NM,Taos County,92.1,846.5
CA,Tuolumne County,92.1,846.5
VA,Highland County,92.1,846.5
CA,Inyo County,92.1,846.5
MI,Chippewa County,92.1,846.5
IL,Jasper County,92.1,846.5
ND,Stark County,92.1,846.5
MI,Kent County,92.1,846.5
CO,Huerfano County,92.1,846.5
IA,Sioux County,92.1,846.5
IL,Washington County,92.1,846.5
SD,Kingsbury County,92.1,846.5
WA,Pierce County,92.1,846.5
KS,Cheyenne County,92.1,846.5
KS,Thomas County,92.1,846.5
IL,Peoria County,92.1,846.5
IA,Page County,92.1,846.5
MT,Chouteau County,92.1,846.5
MS,Madison County,92.1,846.5
IA,Black Hawk County,92.1,846.5
FL,Monroe County,92.1,846.5
OK,Payne County,92.1,846.5
HI,Kauai County,92.1,846.5
ID,Idaho County,92.1,846.5
OK,Canadian County,92.1,846.5
FL,Martin County,92.1,846.5
IL,Edwards County,92.1,846.5
IN,Whitley County,92.1,846.5
FL,Sumter County,92.1,846.5
KY,Spencer County,92.1,846.5
NE,Madison County,92.1,846.5
AL,Madison County,92,874.0
MI,Shiawassee County,92,874.0
KY,Nelson County,92,874.0
SD,Day County,92,874.0
GA,Cherokee County,92,874.0
SD,Grant County,92,874.0
NE,Phelps County,92,874.0
WI,Rock County,92,874.0
MN,Morrison County,92,874.0
SD,Jerauld County,92,874.0
IA,Clinton County,92,874.0
NC,Cumberland County,92,874.0
NC,Transylvania County,92,874.0
ND,Morton County,92,874.0
WI,Dodge County,92,874.0
IA,Mahaska County,92,874.0
TX,Clay County,92,874.0
KY,Hardin County,92,874.0
NC,Carteret County,92,874.0
NE,Blaine County,92,874.0
OK,Cleveland County,92,874.0
IL,Wabash County,91.9,898.0
OR,Curry County,91.9,898.0
KS,Cowley County,91.9,898.0
CA,San Luis Obispo County,91.9,898.0
MN,Marshall County,91.9,898.0
SD,Perkins County,91.9,898.0
MO,Cape Girardeau County,91.9,898.0
IL,Stephenson County,91.9,898.0
MO,Adair County,91.9,898.0
TX,Hood County,91.9,898.0
CO,Moffat County,91.9,898.0
MN,Isanti County,91.9,898.0
KS,Marion County,91.9,898.0
ID,Bonner County,91.9,898.0
SC,Richland County,91.9,898.0
MN,Big Stone County,91.9,898.0
NC,Buncombe County,91.9,898.0
OH,Hamilton County,91.9,898.0
MN,Aitkin County,91.9,898.0
MI,Jackson County,91.9,898.0
FL,Clay County,91.9,898.0
IA,Washington County,91.9,898.0
NM,Mora County,91.9,898.0
OH,Erie County,91.9,898.0
MI,Gratiot County,91.9,898.0
IA,Henry County,91.9,898.0
IL,Coles County,91.9,898.0
WI,Sauk County,91.8,922.0
IA,Hancock County,91.8,922.0
IN,Decatur County,91.8,922.0
KY,Woodford County,91.8,922.0
KY,Marshall County,91.8,922.0
NE,Greeley County,91.8,922.0
UT,Weber County,91.8,922.0
ID,Jefferson County,91.8,922.0
ME,Androscoggin County,91.8,922.0
UT,Salt Lake County,91.8,922.0
AR,Saline County,91.8,922.0
IA,Audubon County,91.8,922.0
PA,Lawrence County,91.8,922.0
WY,Platte County,91.8,922.0
MO,Osage County,91.8,922.0
NY,Livingston County,91.8,922.0
ME,Oxford County,91.8,922.0
MI,St. Clair County,91.8,922.0
OK,Rogers County,91.8,922.0
GA,Camden County,91.8,922.0
IL,Macon County,91.8,922.0
KS,Osage County,91.7,949.0
WI,Walworth County,91.7,949.0
VA,Rappahannock County,91.7,949.0
NE,Jefferson County,91.7,949.0
IL,Ford County,91.7,949.0
WI,Trempealeau County,91.7,949.0
MA,Worcester County,91.7,949.0
UT,Wayne County,91.7,949.0
WI,Florence County,91.7,949.0
MI,Muskegon County,91.7,949.0
VA,Clarke County,91.7,949.0
VT,Franklin County,91.7,949.0
IL,Jackson County,91.7,949.0
NC,Henderson County,91.7,949.0
NY,Niagara County,91.7,949.0
MD,Talbot County,91.7,949.0
NY,Nassau County,91.7,949.0
MI,Lapeer County,91.7,949.0
MD,St. Mary's County,91.7,949.0
WI,Racine County,91.7,949.0
NC,Onslow County,91.7,949.0
KS,McPherson County,91.7,949.0
OH,Knox County,91.7,949.0
CO,Eagle County,91.7,949.0
FL,Charlotte County,91.7,949.0
PA,Indiana County,91.7,949.0
RI,Bristol County,91.7,949.0
KS,Harvey County,91.7,949.0
SD,Sanborn County,91.7,949.0
KS,Ellsworth County,91.7,949.0
PA,Erie County,91.7,949.0
OH,Williams County,91.7,949.0
NE,Sherman County,91.7,949.0
MN,Pipestone County,91.6,979.5
MD,Baltimore County,91.6,979.5
WI,Lafayette County,91.6,979.5
AZ,Yavapai County,91.6,979.5
VA,Spotsylvania County,91.6,979.5
AR,Grant County,91.6,979.5
MN,Steele County,91.6,979.5
VA,Newport News city,91.6,979.5
SD,Codington County,91.6,979.5
SD,Faulk County,91.6,979.5
PA,Venango County,91.6,979.5
IA,Howard County,91.6,979.5
ND,Stutsman County,91.6,979.5
NY,Warren County,91.6,979.5
VA,Staunton city,91.6,979.5
WA,Asotin County,91.6,979.5
PA,Northampton County,91.6,979.5
MI,Ionia County,91.6,979.5
IN,Bartholomew County,91.6,979.5
NE,Adams County,91.6,979.5
OK,Logan County,91.6,979.5
MT,Golden Valley County,91.6,979.5
PA,Montour County,91.6,979.5
IA,O'Brien County,91.6,979.5
WI,Buffalo County,91.6,979.5
SC,York County,91.6,979.5
MN,Fillmore County,91.6,979.5
OR,Polk County,91.6,979.5
GA,Liberty County,91.5,1007.5
IL,Will County,91.5,1007.5
WI,Marinette County,91.5,1007.5
MI,Alger County,91.5,1007.5
NY,Steuben County,91.5,1007.5
MI,Mackinac County,91.5,1007.5
NY,Ulster County,91.5,1007.5
SD,Yankton County,91.5,1007.5
IA,Webster County,91.5,1007.5
UT,Carbon County,91.5,1007.5
NY,Dutchess County,91.5,1007.5
CO,Rio Blanco County,91.5,1007.5
MI,Lenawee County,91.5,1007.5
KY,Kenton County,91.5,1007.5
MT,Lincoln County,91.5,1007.5
CO,Mesa County,91.5,1007.5
SD,Deuel County,91.5,1007.5
FL,Nassau County,91.5,1007.5
OH,Butler County,91.5,1007.5
VA,Colonial Heights city,91.5,1007.5
AR,Pulaski County,91.5,1007.5
OH,Belmont County,91.5,1007.5
OH,Mahoning County,91.5,1007.5
PA,Lackawanna County,91.5,1007.5
SD,Turner County,91.5,1007.5
OH,Franklin County,91.5,1007.5
IN,Gibson County,91.5,1007.5
OK,Woods County,91.5,1007.5
AK,Petersburg Census Area,91.4,1035.0
MI,Crawford County,91.4,1035.0
IN,Jasper County,91.4,1035.0
NM,Sandoval County,91.4,1035.0
KS,Marshall County,91.4,1035.0
MI,Monroe County,91.4,1035.0
OH,Washington County,91.4,1035.0
KS,Ness County,91.4,1035.0
TX,Lampasas County,91.4,1035.0
KS,Hodgeman County,91.4,1035.0
IN,Vermillion County,91.4,1035.0
MT,Musselshell County,91.4,1035.0
ME,Piscataquis County,91.4,1035.0
MO,Camden County,91.4,1035.0
IN,Spencer County,91.4,1035.0
NY,Schenectady County,91.4,1035.0
SD,Marshall County,91.4,1035.0
MO,Ste. Genevieve County,91.4,1035.0
MO,Jackson County,91.4,1035.0
AL,Lee County,91.4,1035.0
VA,Powhatan County,91.4,1035.0
WI,Marquette County,91.4,1035.0
CO,Logan County,91.4,1035.0
OH,Preble County,91.4,1035.0
MO,Worth County,91.4,1035.0
CO,Washington County,91.4,1035.0
ND,Wells County,91.4,1035.0
LA,St. Tammany Parish,91.3,1059.5
OK,Roger Mills County,91.3,1059.5
FL,Walton County,91.3,1059.5
MO,Harrison County,91.3,1059.5
IL,Clinton County,91.3,1059.5
MO,Chariton County,91.3,1059.5
WI,Kenosha County,91.3,1059.5
MI,Allegan County,91.3,1059.5
SD,Butte County,91.3,1059.5
OH,Darke County,91.3,1059.5
MN,Pine County,91.3,1059.5
MN,Benton County,91.3,1059.5
SD,Hyde County,91.3,1059.5
IN,Floyd County,91.3,1059.5
AR,Perry County,91.3,1059.5
KS,Reno County,91.3,1059.5
KS,Barber County,91.3,1059.5
MT,Pondera County,91.3,1059.5
NY,Onondaga County,91.3,1059.5
CA,Amador County,91.3,1059.5
IL,Whiteside County,91.3,1059.5
OH,Clinton County,91.3,1059.5
FL,Volusia County,91.2,1083.5
VT,Orleans County,91.2,1083.5
IN,Clay County,91.2,1083.5
MN,Kandiyohi County,91.2,1083.5
ME,Washington County,91.2,1083.5
GA,Jones County,91.2,1083.5
SD,McCook County,91.2,1083.5
WI,Richland County,91.2,1083.5
SD,Lake County,91.2,1083.5
MS,Lafayette County,91.2,1083.5
KY,Jefferson County,91.2,1083.5
NE,Polk County,91.2,1083.5
MD,Montgomery County,91.2,1083.5
IL,Pike County,91.2,1083.5
MI,Manistee County,91.2,1083.5
OH,Champaign County,91.2,1083.5
NY,Columbia County,91.2,1083.5
NY,Essex County,91.2,1083.5
NY,Jefferson County,91.2,1083.5
MT,Hill County,91.2,1083.5
NY,Monroe County,91.2,1083.5
WV,Marion County,91.2,1083.5
FL,Indian River County,91.2,1083.5
KY,Union County,91.2,1083.5
IL,Macoupin County,91.2,1083.5
ND,Williams County,91.2,1083.5
OH,Allen County,91.1,1109.0
WA,Columbia County,91.1,1109.0
MI,Bay County,91.1,1109.0
MN,Cottonwood County,91.1,1109.0
MS,DeSoto County,91.1,1109.0
MI,Baraga County,91.1,1109.0
MI,Genesee County,91.1,1109.0
NE,Douglas County,91.1,1109.0
SD,Lyman County,91.1,1109.0
NY,Lewis County,91.1,1109.0
TX,Bell County,91.1,1109.0
NC,Iredell County,91.1,1109.0
VA,Fredericksburg city,91.1,1109.0
ND,Ramsey County,91.1,1109.0
TN,Maury County,91.1,1109.0
MN,Swift County,91.1,1109.0
PA,Columbia County,91.1,1109.0
AL,Baldwin County,91.1,1109.0
GA,Lee County,91.1,1109.0
KY,Anderson County,91.1,1109.0
CA,Shasta County,91.1,1109.0
KS,Kingman County,91.1,1109.0
KS,Doniphan County,91.1,1109.0
AK,Aleutians West Census Area,91.1,1109.0
IA,Union County,91.1,1109.0
MT,Sanders County,91,1136.0
MN,Ramsey County,91,1136.0
MT,Treasure County,91,1136.0
NE,Burt County,91,1136.0
OK,Wagoner County,91,1136.0
AL,Jefferson County,91,1136.0
IL,Ogle County,91,1136.0
ND,Slope County,91,1136.0
TX,Throckmorton County,91,1136.0
IN,St. Joseph County,91,1136.0
WA,Skagit County,91,1136.0
IA,Clayton County,91,1136.0
MI,Calhoun County,91,1136.0
TX,Fort Bend County,91,1136.0
MI,Huron County,91,1136.0
SC,Horry County,91,1136.0
UT,Sanpete County,91,1136.0
PA,Tioga County,91,1136.0
CA,Humboldt County,91,1136.0
KS,Neosho County,91,1136.0
PA,Dauphin County,91,1136.0
OH,Montgomery County,91,1136.0
ME,Somerset County,91,1136.0
MT,Granite County,91,1136.0
IN,DeKalb County,91,1136.0
NY,Allegany County,91,1136.0
KS,Phillips County,91,1136.0
VA,Isle of Wight County,91,1136.0
OH,Athens County,91,1136.0
AZ,Coconino County,90.9,1160.5
MD,Cecil County,90.9,1160.5
OR,Jackson County,90.9,1160.5
VA,Suffolk city,90.9,1160.5
MO,Monroe County,90.9,1160.5
IN,Vanderburgh County,90.9,1160.5
OK,Grant County,90.9,1160.5
IN,Blackford County,90.9,1160.5
IN,Clark County,90.9,1160.5
IN,Howard County,90.9,1160.5
KY,Daviess County,90.9,1160.5
MN,Chippewa County,90.9,1160.5
MO,Lincoln County,90.9,1160.5
NE,Nemaha County,90.9,1160.5
MS,Oktibbeha County,90.9,1160.5
CA,San Mateo County,90.9,1160.5
AR,Nevada County,90.9,1160.5
CA,Mariposa County,90.9,1160.5
OH,Lorain County,90.9,1160.5
OR,Crook County,90.9,1160.5
IA,Appanoose County,90.8,1180.5
IA,Franklin County,90.8,1180.5
CA,Calaveras County,90.8,1180.5
MO,Jefferson County,90.8,1180.5
NC,Mecklenburg County,90.8,1180.5
IA,Taylor County,90.8,1180.5
NY,Herkimer County,90.8,1180.5
MI,Presque Isle County,90.8,1180.5
MI,Roscommon County,90.8,1180.5
OR,Josephine County,90.8,1180.5
NE,Gage County,90.8,1180.5
OR,Baker County,90.8,1180.5
NY,Schuyler County,90.8,1180.5
IN,Perry County,90.8,1180.5
MI,Berrien County,90.8,1180.5
WV,Wood County,90.8,1180.5
PA,York County,90.8,1180.5
CO,Montezuma County,90.8,1180.5
KS,Pawnee County,90.8,1180.5
GA,Paulding County,90.8,1180.5
MT,Deer Lodge County,90.7,1202.5
IL,Greene County,90.7,1202.5
MN,Wadena County,90.7,1202.5
IN,Henry County,90.7,1202.5
UT,Beaver County,90.7,1202.5
NE,Morrill County,90.7,1202.5
OR,Tillamook County,90.7,1202.5
IN,Dearborn County,90.7,1202.5
WI,Green Lake County,90.7,1202.5
WI,Monroe County,90.7,1202.5
OH,Cuyahoga County,90.7,1202.5
LA,St. Charles Parish,90.7,1202.5
NH,Sullivan County,90.7,1202.5
TX,Bandera County,90.7,1202.5
GA,DeKalb County,90.7,1202.5
MI,Cheboygan County,90.7,1202.5
AR,Cleveland County,90.7,1202.5
IA,Tama County,90.7,1202.5
NC,Cabarrus County,90.7,1202.5
IL,Lake County,90.7,1202.5
KS,Wilson County,90.7,1202.5
TN,Washington County,90.7,1202.5
TX,Archer County,90.7,1202.5
OR,Harney County,90.7,1202.5
TN,Roane County,90.6,1227.0
GA,Chatham County,90.6,1227.0
IL,La Salle County,90.6,1227.0
IN,Tipton County,90.6,1227.0
TX,Travis County,90.6,1227.0
IL,Mason County,90.6,1227.0
WA,Klickitat County,90.6,1227.0
FL,Escambia County,90.6,1227.0
OR,Douglas County,90.6,1227.0
PA,Lycoming County,90.6,1227.0
AK,Kodiak Island Borough,90.6,1227.0
MO,Phelps County,90.6,1227.0
NY,Schoharie County,90.6,1227.0
CO,Pueblo County,90.6,1227.0
KY,Franklin County,90.6,1227.0
OH,Clermont County,90.6,1227.0
KS,Woodson County,90.6,1227.0
TN,Sumner County,90.6,1227.0
ID,Valley County,90.6,1227.0
IL,Bureau County,90.6,1227.0
ND,Pembina County,90.6,1227.0
NY,Broome County,90.6,1227.0
WI,Jackson County,90.6,1227.0
MD,Kent County,90.6,1227.0
MT,Blaine County,90.6,1227.0
PA,Clarion County,90.5,1254.0
MI,Tuscola County,90.5,1254.0
VA,Northumberland County,90.5,1254.0
NE,Box Butte County,90.5,1254.0
GA,Coweta County,90.5,1254.0
MO,Ralls County,90.5,1254.0
MI,Saginaw County,90.5,1254.0
FL,Duval County,90.5,1254.0
LA,East Baton Rouge Parish,90.5,1254.0
OR,Columbia County,90.5,1254.0
OK,Washington County,90.5,1254.0
MT,Wheatland County,90.5,1254.0
KS,Rooks County,90.5,1254.0
OH,Geauga County,90.5,1254.0
TN,Hamilton County,90.5,1254.0
PA,Wayne County,90.5,1254.0
OR,Grant County,90.5,1254.0
NE,Thurston County,90.5,1254.0
OK,Comanche County,90.5,1254.0
MN,Renville County,90.5,1254.0
NV,White Pine County,90.5,1254.0
NE,Dundy County,90.5,1254.0
NJ,Salem County,90.5,1254.0
SC,Dorchester County,90.5,1254.0
TX,Shackelford County,90.5,1254.0
PA,Jefferson County,90.5,1254.0
AR,Clark County,90.5,1254.0
WI,Barron County,90.5,1254.0
PA,Susquehanna County,90.5,1254.0
AR,Garland County,90.4,1282.5
MD,Garrett County,90.4,1282.5
MI,Wexford County,90.4,1282.5
WV,Berkeley County,90.4,1282.5
SD,Gregory County,90.4,1282.5
FL,Pasco County,90.4,1282.5
WV,Jefferson County,90.4,1282.5
AK,Skagway Municipality,90.4,1282.5
MO,Lafayette County,90.4,1282.5
SC,Lexington County,90.4,1282.5
FL,Lake County,90.4,1282.5
NY,Suffolk County,90.4,1282.5
SD,Hutchinson County,90.4,1282.5
IN,Montgomery County,90.4,1282.5
CA,Butte County,90.4,1282.5
MI,Macomb County,90.4,1282.5
WI,Vernon County,90.4,1282.5
OH,Hardin County,90.4,1282.5
IA,Allamakee County,90.4,1282.5
TX,Hays County,90.4,1282.5
LA,Bossier Parish,90.4,1282.5
WA,Mason County,90.4,1282.5
IN,Delaware County,90.4,1282.5
NE,Deuel County,90.4,1282.5
MI,Alcona County,90.4,1282.5
TX,Grayson County,90.4,1282.5
WA,Pacific County,90.4,1282.5
NE,Furnas County,90.4,1282.5
MO,Macon County,90.3,1307.5
MO,Carroll County,90.3,1307.5
GA,Effingham County,90.3,1307.5
PA,Sullivan County,90.3,1307.5
IL,Vermilion County,90.3,1307.5
IL,Logan County,90.3,1307.5
MT,Roosevelt County,90.3,1307.5
ME,Aroostook County,90.3,1307.5
WA,Benton County,90.3,1307.5
CT,Hartford County,90.3,1307.5
MN,Mille Lacs County,90.3,1307.5
KS,Norton County,90.3,1307.5
NC,Davie County,90.3,1307.5
IN,Harrison County,90.3,1307.5
TX,Franklin County,90.3,1307.5
WI,Juneau County,90.3,1307.5
MD,Allegany County,90.3,1307.5
CT,New Haven County,90.3,1307.5
PA,Carbon County,90.3,1307.5
WV,Kanawha County,90.3,1307.5
NY,Wayne County,90.3,1307.5
FL,Manatee County,90.3,1307.5
PA,Bradford County,90.2,1328.0
OR,Linn County,90.2,1328.0
KS,Sherman County,90.2,1328.0
VA,Floyd County,90.2,1328.0
MN,Murray County,90.2,1328.0
NC,Union County,90.2,1328.0
KY,Greenup County,90.2,1328.0
WV,Tyler County,90.2,1328.0
WA,Ferry County,90.2,1328.0
NM,Bernalillo County,90.2,1328.0
PA,Luzerne County,90.2,1328.0
MT,Powell County,90.2,1328.0
VA,Portsmouth city,90.2,1328.0
KY,Calloway County,90.2,1328.0
OK,Grady County,90.2,1328.0
ND,Mercer County,90.2,1328.0
PA,Crawford County,90.2,1328.0
ND,Bowman County,90.2,1328.0
MI,Schoolcraft County,90.2,1328.0
TN,Davidson County,90.1,1350.5
IL,Livingston County,90.1,1350.5
WA,Grays Harbor County,90.1,1350.5
MO,Atchison County,90.1,1350.5
TX,Kerr County,90.1,1350.5
TX,Blanco County,90.1,1350.5
ID,Oneida County,90.1,1350.5
SD,Spink County,90.1,1350.5
SD,Douglas County,90.1,1350.5
CT,Fairfield County,90.1,1350.5
WI,Langlade County,90.1,1350.5
NM,Lincoln County,90.1,1350.5
FL,Bay County,90.1,1350.5
NM,Santa Fe County,90.1,1350.5
NY,Cortland County,90.1,1350.5
OH,Lucas County,90.1,1350.5
NC,Guilford County,90.1,1350.5
KS,Labette County,90.1,1350.5
PA,Mercer County,90.1,1350.5
OR,Yamhill County,90.1,1350.5
IN,Allen County,90.1,1350.5
KS,Montgomery County,90.1,1350.5
MI,Missaukee County,90.1,1350.5
MO,Taney County,90.1,1350.5
MO,Stone County,90.1,1350.5
IN,Ripley County,90.1,1350.5
IA,Pottawattamie County,90,1372.0
OH,Crawford County,90,1372.0
MN,Kanabec County,90,1372.0
ID,Lemhi County,90,1372.0
TX,Morris County,90,1372.0
KS,Bourbon County,90,1372.0
CO,Denver County,90,1372.0
AR,Lonoke County,90,1372.0
OR,Coos County,90,1372.0
ID,Blaine County,90,1372.0
SD,Aurora County,90,1372.0
PA,Clinton County,90,1372.0
FL,Citrus County,90,1372.0
WY,Carbon County,90,1372.0
OH,Huron County,90,1372.0
NY,Delaware County,90,1372.0
KY,McLean County,90,1372.0
OH,Marion County,89.9,1394.0
MI,Sanilac County,89.9,1394.0
NC,Durham County,89.9,1394.0
WI,Forest County,89.9,1394.0
VA,Lancaster County,89.9,1394.0
MO,Linn County,89.9,1394.0
SD,Davison County,89.9,1394.0
FL,Broward County,89.9,1394.0
CA,Siskiyou County,89.9,1394.0
NY,Orange County,89.9,1394.0
AR,Little River County,89.9,1394.0
IA,Decatur County,89.9,1394.0
SD,Roberts County,89.9,1394.0
IN,Dubois County,89.9,1394.0
MO,Franklin County,89.9,1394.0
IN,Wabash County,89.9,1394.0
IL,Jefferson County,89.9,1394.0
VA,Lynchburg city,89.9,1394.0
WA,Cowlitz County,89.9,1394.0
PA,Huntingdon County,89.9,1394.0
TN,Anderson County,89.9,1394.0
NE,Sheridan County,89.9,1394.0
WV,Hancock County,89.9,1394.0
SD,Walworth County,89.9,1394.0
NC,Camden County,89.9,1394.0
ID,Lewis County,89.9,1394.0
TX,McMullen County,89.9,1394.0
TX,Galveston County,89.8,1418.0
SC,Kershaw County,89.8,1418.0
CA,Contra Costa County,89.8,1418.0
UT,Duchesne County,89.8,1418.0
NJ,Middlesex County,89.8,1418.0
NC,Craven County,89.8,1418.0
IN,Madison County,89.8,1418.0
TN,Blount County,89.8,1418.0
NC,Pitt County,89.8,1418.0
MS,Rankin County,89.8,1418.0
IN,Lake County,89.8,1418.0
PA,Lehigh County,89.8,1418.0
NC,Cherokee County,89.8,1418.0
OH,Monroe County,89.8,1418.0
OK,Tulsa County,89.8,1418.0
VA,Giles County,89.8,1418.0
ND,Logan County,89.8,1418.0
MA,Essex County,89.8,1418.0
AR,Benton County,89.8,1418.0
VT,Essex County,89.8,1418.0
OH,Paulding County,89.8,1418.0
NY,Oswego County,89.7,1443.0
PA,Adams County,89.7,1443.0
GA,Lamar County,89.7,1443.0
IN,Rush County,89.7,1443.0
OH,Muskingum County,89.7,1443.0
FL,Lee County,89.7,1443.0
KY,Boyle County,89.7,1443.0
NC,Haywood County,89.7,1443.0
TX,Bowie County,89.7,1443.0
MO,Schuyler County,89.7,1443.0
MI,Newaygo County,89.7,1443.0
MI,Hillsdale County,89.7,1443.0
IL,White County,89.7,1443.0
KY,Jessamine County,89.7,1443.0
IN,Vigo County,89.7,1443.0
NE,Keith County,89.7,1443.0
OH,Ashland County,89.7,1443.0
PA,Monroe County,89.7,1443.0
OK,Creek County,89.7,1443.0
OH,Carroll County,89.7,1443.0
ID,Caribou County,89.7,1443.0
CO,Fremont County,89.7,1443.0
OH,Shelby County,89.7,1443.0
NM,Colfax County,89.7,1443.0
GA,Clarke County,89.7,1443.0
IA,Emmet County,89.7,1443.0
SC,Georgetown County,89.7,1443.0
MS,Lamar County,89.7,1443.0
UT,Millard County,89.7,1443.0
TX,Callahan County,89.6,1470.0
PA,Northumberland County,89.6,1470.0
DE,Sussex County,89.6,1470.0
TX,Bosque County,89.6,1470.0
OR,Wheeler County,89.6,1470.0
GA,Morgan County,89.6,1470.0
KY,Madison County,89.6,1470.0
OK,Major County,89.6,1470.0
AL,Tuscaloosa County,89.6,1470.0
CO,Delta County,89.6,1470.0
AR,Craighead County,89.6,1470.0
OK,Washita County,89.6,1470.0
VA,Orange County,89.6,1470.0
IL,Fulton County,89.6,1470.0
TX,Montgomery County,89.6,1470.0
IL,Stark County,89.6,1470.0
TX,Gillespie County,89.6,1470.0
NC,Madison County,89.6,1470.0
SC,Greenville County,89.6,1470.0
IA,Muscatine County,89.6,1470.0
TX,Parker County,89.6,1470.0
MO,Marion County,89.6,1470.0
ND,Eddy County,89.6,1470.0
IA,Wayne County,89.6,1470.0
VA,Prince William County,89.6,1470.0
OH,Columbiana County,89.5,1498.5
WV,Morgan County,89.5,1498.5
PA,Potter County,89.5,1498.5
NJ,Mercer County,89.5,1498.5
PA,Somerset County,89.5,1498.5
CO,Conejos County,89.5,1498.5
NE,Perkins County,89.5,1498.5
FL,Orange County,89.5,1498.5
MO,Buchanan County,89.5,1498.5
KS,Sedgwick County,89.5,1498.5
CO,Garfield County,89.5,1498.5
PA,Bedford County,89.5,1498.5
VA,Gloucester County,89.5,1498.5
VA,Campbell County,89.5,1498.5
MO,DeKalb County,89.5,1498.5
NC,Pamlico County,89.5,1498.5
OK,Noble County,89.5,1498.5
IN,Jefferson County,89.5,1498.5
SC,Berkeley County,89.5,1498.5
IA,Pocahontas County,89.5,1498.5
NC,Chatham County,89.5,1498.5
IL,Morgan County,89.5,1498.5
KY,Bullitt County,89.5,1498.5
NY,Cattaraugus County,89.5,1498.5
FL,Collier County,89.5,1498.5
KY,Graves County,89.5,1498.5
NM,Sierra County,89.5,1498.5
IL,Lee County,89.5,1498.5
VA,Augusta County,89.5,1498.5
IL,Kankakee County,89.5,1498.5
ND,Mountrail County,89.5,1498.5
IL,Franklin County,89.5,1498.5
MT,Big Horn County,89.4,1524.5
IL,Christian County,89.4,1524.5
TN,Madison County,89.4,1524.5
VA,Pulaski County,89.4,1524.5
MT,Toole County,89.4,1524.5
PA,Schuylkill County,89.4,1524.5
AZ,Pima County,89.4,1524.5
KY,Simpson County,89.4,1524.5
OK,Pontotoc County,89.4,1524.5
GA,Rockdale County,89.4,1524.5
NC,Gates County,89.4,1524.5
IN,LaPorte County,89.4,1524.5
NC,Pender County,89.4,1524.5
CT,Windham County,89.4,1524.5
MN,Mower County,89.4,1524.5
MT,Rosebud County,89.4,1524.5
ID,Bingham County,89.4,1524.5
TX,Somervell County,89.4,1524.5
NY,Chemung County,89.4,1524.5
MI,Iosco County,89.4,1524.5
NY,Chautauqua County,89.3,1548.5
VA,Alleghany County,89.3,1548.5
KY,Meade County,89.3,1548.5
TN,Fayette County,89.3,1548.5
TX,Wilson County,89.3,1548.5
NC,Forsyth County,89.3,1548.5
SC,Aiken County,89.3,1548.5
PA,Franklin County,89.3,1548.5
WI,Rusk County,89.3,1548.5
TX,Chambers County,89.3,1548.5
MO,Ray County,89.3,1548.5
MO,Vernon County,89.3,1548.5
IN,Ohio County,89.3,1548.5
NE,Cuming County,89.3,1548.5
OK,Osage County,89.3,1548.5
NC,Pasquotank County,89.3,1548.5
OK,McClain County,89.3,1548.5
IA,Cass County,89.3,1548.5
IL,Pulaski County,89.3,1548.5
TN,Shelby County,89.3,1548.5
WV,Jackson County,89.3,1548.5
NE,Scotts Bluff County,89.3,1548.5
MO,Cooper County,89.3,1548.5
NC,Jackson County,89.3,1548.5
WV,Cabell County,89.3,1548.5
KY,Clark County,89.3,1548.5
TX,Guadalupe County,89.3,1548.5
TX,Taylor County,89.3,1548.5
OK,Harper County,89.2,1577.5
MO,St. Louis city,89.2,1577.5
NE,Dodge County,89.2,1577.5
ID,Elmore County,89.2,1577.5
CO,Kit Carson County,89.2,1577.5
NH,Coos County,89.2,1577.5
TX,Real County,89.2,1577.5
MO,Dade County,89.2,1577.5
VA,Rockbridge County,89.2,1577.5
IL,Pope County,89.2,1577.5
CA,Santa Clara County,89.2,1577.5
ID,Butte County,89.2,1577.5
WA,Lewis County,89.2,1577.5
KY,Lyon County,89.2,1577.5
KY,Ballard County,89.2,1577.5
OH,Trumbull County,89.2,1577.5
UT,Piute County,89.2,1577.5
TX,Washington County,89.2,1577.5
VA,Franklin County,89.2,1577.5
AK,Lake and Peninsula Borough,89.2,1577.5
VA,Louisa County,89.2,1577.5
MO,Polk County,89.2,1577.5
LA,Lafayette Parish,89.2,1577.5
MO,Newton County,89.2,1577.5
OK,Kingfisher County,89.2,1577.5
WI,Milwaukee County,89.2,1577.5
SD,Ziebach County,89.2,1577.5
IL,Union County,89.2,1577.5
MO,Caldwell County,89.2,1577.5
TX,Llano County,89.2,1577.5
FL,Hillsborough County,89.1,1606.0
IN,Carroll County,89.1,1606.0
PA,Fayette County,89.1,1606.0
CA,Sonoma County,89.1,1606.0
ND,Kidder County,89.1,1606.0
IN,Shelby County,89.1,1606.0
ND,Dunn County,89.1,1606.0
WI,Waushara County,89.1,1606.0
FL,Palm Beach County,89.1,1606.0
IN,White County,89.1,1606.0
CO,Rio Grande County,89.1,1606.0
GA,Catoosa County,89.1,1606.0
NJ,Camden County,89.1,1606.0
MO,Callaway County,89.1,1606.0
GA,Newton County,89.1,1606.0
KS,Harper County,89.1,1606.0
MI,Cass County,89.1,1606.0
WV,Pleasants County,89.1,1606.0
IN,Jackson County,89.1,1606.0
MO,Hickory County,89.1,1606.0
IN,Randolph County,89.1,1606.0
TX,Coryell County,89.1,1606.0
IN,Putnam County,89.1,1606.0
MS,Harrison County,89.1,1606.0
OK,Nowata County,89.1,1606.0
AR,Boone County,89.1,1606.0
SD,Miner County,89.1,1606.0
NV,Elko County,89,1626.5
IL,Knox County,89,1626.5
MS,Forrest County,89,1626.5
GA,Glynn County,89,1626.5
IL,Rock Island County,89,1626.5
CA,Alameda County,89,1626.5
OH,Morrow County,89,1626.5
FL,Hernando County,89,1626.5
OK,Lincoln County,89,1626.5
VA,Shenandoah County,89,1626.5
VA,Covington city,89,1626.5
TX,Orange County,89,1626.5
MO,Miller County,89,1626.5
MO,Randolph County,89,1626.5
NY,Chenango County,88.9,1644.5
WV,Wetzel County,88.9,1644.5
VA,Culpeper County,88.9,1644.5
AZ,Maricopa County,88.9,1644.5
TN,Tipton County,88.9,1644.5
IL,Marion County,88.9,1644.5
VA,Wythe County,88.9,1644.5
GA,Lowndes County,88.9,1644.5
NY,Rockland County,88.9,1644.5
WI,Taylor County,88.9,1644.5
VA,Appomattox County,88.9,1644.5
OH,Lawrence County,88.9,1644.5
IN,Lawrence County,88.9,1644.5
OH,Perry County,88.9,1644.5
VA,Bland County,88.9,1644.5
TX,Kent County,88.9,1644.5
MS,Hancock County,88.9,1644.5
MI,Branch County,88.9,1644.5
CO,Crowley County,88.9,1644.5
VA,Norfolk city,88.9,1644.5
NC,Clay County,88.9,1644.5
NC,Lincoln County,88.9,1644.5
CO,Montrose County,88.8,1668.5
OH,Ross County,88.8,1668.5
NC,Macon County,88.8,1668.5
MI,Arenac County,88.8,1668.5
MI,Osceola County,88.8,1668.5
KY,Bracken County,88.8,1668.5
TX,Brazoria County,88.8,1668.5
TX,Aransas County,88.8,1668.5
TX,Brazos County,88.8,1668.5
LA,Lincoln Parish,88.8,1668.5
DE,Kent County,88.8,1668.5
VA,Norton city,88.8,1668.5
IN,Jennings County,88.8,1668.5
CA,Solano County,88.8,1668.5
SC,Jasper County,88.8,1668.5
NV,Mineral County,88.8,1668.5
KY,Trigg County,88.8,1668.5
OH,Clark County,88.8,1668.5
NY,Oneida County,88.8,1668.5
TN,Putnam County,88.8,1668.5
OK,Pawnee County,88.8,1668.5
NY,Westchester County,88.8,1668.5
IL,Bond County,88.8,1668.5
PA,Perry County,88.8,1668.5
CA,San Francisco County,88.8,1668.5
NC,Johnston County,88.8,1668.5
VA,Caroline County,88.7,1692.5
TN,Franklin County,88.7,1692.5
WV,Nicholas County,88.7,1692.5
AZ,Cochise County,88.7,1692.5
PA,Clearfield County,88.7,1692.5
VA,Dinwiddie County,88.7,1692.5
OK,Pottawatomie County,88.7,1692.5
ND,Hettinger County,88.7,1692.5
NY,Washington County,88.7,1692.5
CO,Lincoln County,88.7,1692.5
CO,Sedgwick County,88.7,1692.5
TX,Irion County,88.7,1692.5
KY,Hickman County,88.7,1692.5
LA,Ascension Parish,88.7,1692.5
WY,Big Horn County,88.7,1692.5
AL,Lauderdale County,88.7,1692.5
MS,Jackson County,88.7,1692.5
MO,Shelby County,88.7,1692.5
KS,Barton County,88.7,1692.5
VA,Prince George County,88.7,1692.5
GA,Monroe County,88.7,1692.5
ND,Emmons County,88.7,1692.5
VA,Craig County,88.6,1710.0
IN,Knox County,88.6,1710.0
NY,St. Lawrence County,88.6,1710.0
TX,Burnet County,88.6,1710.0
MO,Henry County,88.6,1710.0
TN,Cumberland County,88.6,1710.0
MT,Glacier County,88.6,1710.0
SD,Bon Homme County,88.6,1710.0
NY,Richmond County,88.6,1710.0
AR,Greene County,88.6,1710.0
NY,Montgomery County,88.6,1710.0
PA,Fulton County,88.6,1710.0
AR,Baxter County,88.6,1710.0
WV,Randolph County,88.5,1723.0
ID,Shoshone County,88.5,1723.0
NV,Washoe County,88.5,1723.0
AR,Polk County,88.5,1723.0
WV,Taylor County,88.5,1723.0
ID,Fremont County,88.5,1723.0
NE,Platte County,88.5,1723.0
NE,Johnson County,88.5,1723.0
MI,Montcalm County,88.5,1723.0
NC,Harnett County,88.5,1723.0
TX,Fayette County,88.5,1723.0
IA,Osceola County,88.5,1723.0
AR,Hot Spring County,88.5,1723.0
VA,Greene County,88.4,1741.0
CA,San Diego County,88.4,1741.0
OH,Madison County,88.4,1741.0
WV,Monroe County,88.4,1741.0
NY,Wyoming County,88.4,1741.0
WV,Harrison County,88.4,1741.0
WA,Walla Walla County,88.4,1741.0
IN,Morgan County,88.4,1741.0
AR,Jefferson County,88.4,1741.0
GA,Dawson County,88.4,1741.0
OH,Richland County,88.4,1741.0
MI,Oceana County,88.4,1741.0
OK,Oklahoma County,88.4,1741.0
IL,Iroquois County,88.4,1741.0
GA,Muscogee County,88.4,1741.0
VA,Frederick County,88.4,1741.0
GA,Lumpkin County,88.4,1741.0
TX,Hardin County,88.4,1741.0
IL,Clay County,88.4,1741.0
NY,New York County,88.4,1741.0
KY,Henderson County,88.4,1741.0
IN,Benton County,88.4,1741.0
OH,Tuscarawas County,88.4,1741.0
KS,Lyon County,88.3,1766.5
CO,Lake County,88.3,1766.5
OR,Klamath County,88.3,1766.5
KS,Cherokee County,88.3,1766.5
ID,Boundary County,88.3,1766.5
GA,Douglas County,88.3,1766.5
MO,Gasconade County,88.3,1766.5
OH,Harrison County,88.3,1766.5
NC,Mitchell County,88.3,1766.5
ND,LaMoure County,88.3,1766.5
IN,Franklin County,88.3,1766.5
MI,Gladwin County,88.3,1766.5
KY,Boyd County,88.3,1766.5
AR,Cleburne County,88.3,1766.5
VA,Martinsville city,88.3,1766.5
VA,Warren County,88.3,1766.5
CA,Santa Cruz County,88.3,1766.5
OK,Kay County,88.3,1766.5
IN,Grant County,88.3,1766.5
KY,Grant County,88.3,1766.5
VA,Roanoke city,88.3,1766.5
OK,Custer County,88.3,1766.5
MO,Livingston County,88.3,1766.5
MN,Freeborn County,88.3,1766.5
TN,Sullivan County,88.3,1766.5
FL,Marion County,88.3,1766.5
OK,Cherokee County,88.3,1766.5
IN,Greene County,88.3,1766.5
FL,Wakulla County,88.2,1790.5
IN,Pike County,88.2,1790.5
FL,St. Lucie County,88.2,1790.5
MI,Van Buren County,88.2,1790.5
OK,Garvin County,88.2,1790.5
PA,Union County,88.2,1790.5
TX,Wichita County,88.2,1790.5
CO,Las Animas County,88.2,1790.5
LA,Calcasieu Parish,88.2,1790.5
NV,Lander County,88.2,1790.5
IL,Winnebago County,88.2,1790.5
OK,Garfield County,88.2,1790.5
VA,King and Queen County,88.2,1790.5
GA,Pickens County,88.2,1790.5
GA,Bulloch County,88.2,1790.5
IN,Union County,88.2,1790.5
MS,Hinds County,88.2,1790.5
SD,Bennett County,88.2,1790.5
SD,Charles Mix County,88.2,1790.5
AR,Conway County,88.2,1790.5
MI,Montmorency County,88.1,1813.5
SC,Sumter County,88.1,1813.5
MO,St. Clair County,88.1,1813.5
KS,Chautauqua County,88.1,1813.5
CA,Sacramento County,88.1,1813.5
NY,Cayuga County,88.1,1813.5
OH,Hocking County,88.1,1813.5
SD,Brule County,88.1,1813.5
AR,Howard County,88.1,1813.5
ND,Towner County,88.1,1813.5
OK,Mayes County,88.1,1813.5
LA,Orleans Parish,88.1,1813.5
TX,Harrison County,88.1,1813.5
KS,Kiowa County,88.1,1813.5
CO,Weld County,88.1,1813.5
IN,Wayne County,88.1,1813.5
GA,Pike County,88.1,1813.5
LA,Vernon Parish,88.1,1813.5
KY,Mercer County,88.1,1813.5
IL,Gallatin County,88.1,1813.5
MO,Bates County,88.1,1813.5
TN,Carroll County,88.1,1813.5
MI,Kalkaska County,88.1,1813.5
LA,Ouachita Parish,88.1,1813.5
IL,Hamilton County,88.1,1813.5
NY,Franklin County,88.1,1813.5
IN,Jay County,88,1830.5
SD,Tripp County,88,1830.5
VA,Cumberland County,88,1830.5
TX,Brewster County,88,1830.5
PA,Greene County,88,1830.5
IA,Wapello County,88,1830.5
MO,Warren County,88,1830.5
MD,Washington County,88,1830.5
VA,Washington County,87.9,1846.5
NY,Greene County,87.9,1846.5
OR,Jefferson County,87.9,1846.5
MO,Howard County,87.9,1846.5
NC,Yancey County,87.9,1846.5
ID,Gem County,87.9,1846.5
ID,Washington County,87.9,1846.5
VA,Middlesex County,87.9,1846.5
IL,Carroll County,87.9,1846.5
IL,Cook County,87.9,1846.5
IL,Edgar County,87.9,1846.5
NE,Kimball County,87.9,1846.5
TN,Marshall County,87.9,1846.5
CO,Otero County,87.9,1846.5
WI,Adams County,87.9,1846.5
OK,Woodward County,87.9,1846.5
NC,Person County,87.9,1846.5
IL,Montgomery County,87.9,1846.5
NE,Chase County,87.9,1846.5
MS,Warren County,87.9,1846.5
IL,Saline County,87.9,1846.5
IL,Warren County,87.9,1846.5
AR,Pike County,87.9,1846.5
GA,Gwinnett County,87.9,1846.5
GA,Barrow County,87.8,1868.5
OK,Ellis County,87.8,1868.5
OK,Stephens County,87.8,1868.5
KY,Warren County,87.8,1868.5
TX,Cooke County,87.8,1868.5
AL,Mobile County,87.8,1868.5
NJ,Atlantic County,87.8,1868.5
TX,Lubbock County,87.8,1868.5
MN,Todd County,87.8,1868.5
IA,Van Buren County,87.8,1868.5
KS,Greeley County,87.8,1868.5
GA,Walton County,87.8,1868.5
WV,Barbour County,87.8,1868.5
IN,Fountain County,87.8,1868.5
IN,Kosciusko County,87.8,1868.5
TN,Dyer County,87.8,1868.5
SC,Lancaster County,87.8,1868.5
TN,Robertson County,87.8,1868.5
TN,Coffee County,87.8,1868.5
IN,Newton County,87.8,1868.5
AL,Montgomery County,87.7,1891.5
TX,Red River County,87.7,1891.5
NC,Hoke County,87.7,1891.5
TX,Erath County,87.7,1891.5
WV,Tucker County,87.7,1891.5
NC,Beaufort County,87.7,1891.5
GA,Fannin County,87.7,1891.5
NC,Alamance County,87.7,1891.5
MO,Barton County,87.7,1891.5
VA,Waynesboro city,87.7,1891.5
NV,Carson City,87.7,1891.5
AZ,Greenlee County,87.7,1891.5
KY,Hopkins County,87.7,1891.5
GA,Greene County,87.7,1891.5
VA,Richmond city,87.7,1891.5
AR,Dallas County,87.7,1891.5
GA,Union County,87.7,1891.5
AK,Nome Census Area,87.7,1891.5
AR,Logan County,87.7,1891.5
KS,Morton County,87.7,1891.5
VA,Madison County,87.7,1891.5
IA,Woodbury County,87.7,1891.5
VA,Amherst County,87.7,1891.5
AL,Elmore County,87.7,1891.5
AL,Houston County,87.7,1891.5
MD,Wicomico County,87.7,1891.5
GA,Bleckley County,87.6,1911.0
AK,North Slope Borough,87.6,1911.0
MI,Wayne County,87.6,1911.0
IN,Fulton County,87.6,1911.0
GA,Jasper County,87.6,1911.0
UT,Uintah County,87.6,1911.0
TX,Smith County,87.6,1911.0
PA,Lebanon County,87.6,1911.0
MO,Jasper County,87.6,1911.0
GA,Putnam County,87.6,1911.0
CA,Yolo County,87.6,1911.0
AL,Conecuh County,87.6,1911.0
TN,Giles County,87.6,1911.0
FL,Levy County,87.5,1924.5
AR,Ouachita County,87.5,1924.5
TX,Lamar County,87.5,1924.5
MO,Madison County,87.5,1924.5
PA,Berks County,87.5,1924.5
AZ,Pinal County,87.5,1924.5
TX,Waller County,87.5,1924.5
LA,Beauregard Parish,87.5,1924.5
KY,Logan County,87.5,1924.5
SC,Spartanburg County,87.5,1924.5
MO,Mercer County,87.5,1924.5
NY,Clinton County,87.5,1924.5
MD,Dorchester County,87.5,1924.5
CO,Yuma County,87.5,1924.5
TX,Camp County,87.4,1940.0
OH,Jackson County,87.4,1940.0
TN,Bradley County,87.4,1940.0
AZ,Mohave County,87.4,1940.0
TX,Tom Green County,87.4,1940.0
MO,Pettis County,87.4,1940.0
TX,Delta County,87.4,1940.0
TX,Ellis County,87.4,1940.0
SD,Campbell County,87.4,1940.0
TX,Oldham County,87.4,1940.0
IN,Sullivan County,87.4,1940.0
WV,Lewis County,87.4,1940.0
IL,Wayne County,87.4,1940.0
NC,Nash County,87.4,1940.0
LA,Livingston Parish,87.4,1940.0
KS,Edwards County,87.4,1940.0
AL,Pike County,87.4,1940.0
OR,Sherman County,87.3,1955.5
IL,Massac County,87.3,1955.5
TN,Cheatham County,87.3,1955.5
AL,Sumter County,87.3,1955.5
ND,Sheridan County,87.3,1955.5
VA,Winchester city,87.3,1955.5
TN,Loudon County,87.3,1955.5
NM,Torrance County,87.3,1955.5
OH,Pickaway County,87.3,1955.5
TX,Hunt County,87.3,1955.5
IN,Martin County,87.3,1955.5
MO,Webster County,87.3,1955.5
KS,Elk County,87.3,1955.5
NJ,Union County,87.3,1955.5
CA,Mono County,87.2,1970.5
WV,Greenbrier County,87.2,1970.5
ND,Walsh County,87.2,1970.5
KY,Shelby County,87.2,1970.5
MD,Prince George's County,87.2,1970.5
NM,Grant County,87.2,1970.5
OK,Carter County,87.2,1970.5
NY,Fulton County,87.2,1970.5
MO,Daviess County,87.2,1970.5
TN,Smith County,87.2,1970.5
TN,Weakley County,87.2,1970.5
MO,Audrain County,87.2,1970.5
TX,Austin County,87.2,1970.5
OK,Johnston County,87.2,1970.5
IN,Pulaski County,87.2,1970.5
TN,Dickson County,87.2,1970.5
MS,Lowndes County,87.1,1988.5
OK,Bryan County,87.1,1988.5
LA,West Baton Rouge Parish,87.1,1988.5
IL,Boone County,87.1,1988.5
NC,Ashe County,87.1,1988.5
MO,Pike County,87.1,1988.5
MN,Watonwan County,87.1,1988.5
WV,Hampshire County,87.1,1988.5
ID,Twin Falls County,87.1,1988.5
MI,Ogemaw County,87.1,1988.5
TN,Gibson County,87.1,1988.5
KY,Taylor County,87.1,1988.5
GA,Troup County,87.1,1988.5
TX,Lee County,87.1,1988.5
OR,Wasco County,87.1,1988.5
CO,Bent County,87.1,1988.5
AK,Yukon-Koyukuk Census Area,87.1,1988.5
WV,Preston County,87.1,1988.5
OK,Pittsburg County,87.1,1988.5
AR,Columbia County,87.1,1988.5
MO,Saline County,87,2004.0
PR,Carolina Municipio,87,2004.0
MO,Benton County,87,2004.0
MO,Carter County,87,2004.0
NY,Orleans County,87,2004.0
TX,Marion County,87,2004.0
AZ,Gila County,87,2004.0
LA,Natchitoches Parish,87,2004.0
LA,Rapides Parish,87,2004.0
MT,Prairie County,87,2004.0
ID,Custer County,87,2004.0
MA,Suffolk County,86.9,2017.0
IN,Marion County,86.9,2017.0
AR,Drew County,86.9,2017.0
WV,Upshur County,86.9,2017.0
KY,Caldwell County,86.9,2017.0
AR,Prairie County,86.9,2017.0
KY,Rowan County,86.9,2017.0
CO,Alamosa County,86.9,2017.0
NC,Rowan County,86.9,2017.0
TX,Hamilton County,86.9,2017.0
TX,Brown County,86.9,2017.0
GA,Thomas County,86.9,2017.0
TX,Cass County,86.9,2017.0
MS,Jasper County,86.9,2017.0
CO,Costilla County,86.9,2017.0
TN,Henderson County,86.8,2032.5
MO,Dallas County,86.8,2032.5
IN,Clinton County,86.8,2032.5
TX,Palo Pinto County,86.8,2032.5
OK,Craig County,86.8,2032.5
CO,Phillips County,86.8,2032.5
NC,Gaston County,86.8,2032.5
MI,St. Joseph County,86.8,2032.5
TX,Young County,86.8,2032.5
LA,Jefferson Parish,86.8,2032.5
AL,Colbert County,86.8,2032.5
AR,Miller County,86.8,2032.5
NJ,Hudson County,86.8,2032.5
TN,Carter County,86.8,2032.5
VA,Bristol city,86.8,2032.5
NV,Lincoln County,86.8,2032.5
OH,Brown County,86.7,2046.5
KY,Washington County,86.7,2046.5
AR,Arkansas County,86.7,2046.5
TN,Stewart County,86.7,2046.5
NM,Harding County,86.7,2046.5
CO,Saguache County,86.7,2046.5
NJ,Essex County,86.7,2046.5
GA,Wilkinson County,86.7,2046.5
MO,Knox County,86.7,2046.5
TX,Tarrant County,86.7,2046.5
TN,Moore County,86.7,2046.5
FL,Gulf County,86.7,2046.5
WV,Raleigh County,86.6,2064.5
FL,Osceola County,86.6,2064.5
MI,Clare County,86.6,2064.5
TN,Sevier County,86.6,2064.5
AK,Dillingham Census Area,86.6,2064.5
PA,Philadelphia County,86.6,2064.5
TX,Jeff Davis County,86.6,2064.5
NY,Sullivan County,86.6,2064.5
AL,Marengo County,86.6,2064.5
NV,Lyon County,86.6,2064.5
LA,Caddo Parish,86.6,2064.5
LA,Bienville Parish,86.6,2064.5
SC,Pickens County,86.6,2064.5
TN,Hawkins County,86.6,2064.5
CA,Orange County,86.6,2064.5
TX,Motley County,86.6,2064.5
CA,Lake County,86.6,2064.5
GA,Bartow County,86.6,2064.5
OK,Okmulgee County,86.6,2064.5
KS,Wichita County,86.6,2064.5
UT,San Juan County,86.6,2064.5
IN,Washington County,86.6,2064.5
ND,Benson County,86.6,2064.5
CA,Mendocino County,86.6,2064.5
FL,Columbia County,86.5,2084.5
AR,Franklin County,86.5,2084.5
MN,Mahnomen County,86.5,2084.5
GA,Schley County,86.5,2084.5
ID,Canyon County,86.5,2084.5
AL,Limestone County,86.5,2084.5
AR,Washington County,86.5,2084.5
PA,Snyder County,86.5,2084.5
ND,Rolette County,86.5,2084.5
IL,Moultrie County,86.5,2084.5
WV,Mason County,86.5,2084.5
NC,Catawba County,86.5,2084.5
LA,Union Parish,86.5,2084.5
MO,Laclede County,86.5,2084.5
TX,Montague County,86.5,2084.5
NC,Franklin County,86.5,2084.5
AR,Union County,86.4,2105.5
TX,Sabine County,86.4,2105.5
TX,Terrell County,86.4,2105.5
TX,Rains County,86.4,2105.5
TN,Humphreys County,86.4,2105.5
TX,Fisher County,86.4,2105.5
VA,Mecklenburg County,86.4,2105.5
GA,Bibb County,86.4,2105.5
TX,McLennan County,86.4,2105.5
FL,Polk County,86.4,2105.5
AL,Coffee County,86.4,2105.5
TX,Johnson County,86.4,2105.5
OK,Latimer County,86.4,2105.5
TX,Kaufman County,86.4,2105.5
OK,Jackson County,86.4,2105.5
NC,Cleveland County,86.4,2105.5
NV,Clark County,86.4,2105.5
IL,Fayette County,86.4,2105.5
MO,Clark County,86.4,2105.5
GA,Laurens County,86.4,2105.5
KY,Livingston County,86.4,2105.5
OH,Ashtabula County,86.4,2105.5
NV,Nye County,86.4,2105.5
IN,Miami County,86.4,2105.5
NC,Stokes County,86.4,2105.5
GA,Richmond County,86.4,2105.5
FL,Gilchrist County,86.3,2126.0
NM,Otero County,86.3,2126.0
TX,Lavaca County,86.3,2126.0
NC,Perquimans County,86.3,2126.0
NM,Rio Arriba County,86.3,2126.0
TN,Jefferson County,86.3,2126.0
SC,Florence County,86.3,2126.0
MS,Lee County,86.3,2126.0
MN,Clearwater County,86.3,2126.0
MD,Baltimore city,86.3,2126.0
OK,Muskogee County,86.3,2126.0
TX,Hutchinson County,86.3,2126.0
IL,Crawford County,86.3,2126.0
PA,Lancaster County,86.3,2126.0
OK,McIntosh County,86.3,2126.0
IN,Adams County,86.2,2142.0
SD,Jackson County,86.2,2142.0
GA,Jackson County,86.2,2142.0
MO,Perry County,86.2,2142.0
OK,Ottawa County,86.2,2142.0
TN,Unicoi County,86.2,2142.0
OK,Cimarron County,86.2,2142.0
VA,Rockingham County,86.2,2142.0
SC,Newberry County,86.2,2142.0
IL,Alexander County,86.2,2142.0
SC,Oconee County,86.2,2142.0
AL,Etowah County,86.2,2142.0
AR,Marion County,86.2,2142.0
NY,Yates County,86.2,2142.0
MO,Cedar County,86.2,2142.0
TX,Hopkins County,86.2,2142.0
AL,Washington County,86.2,2142.0
KY,Christian County,86.1,2161.5
NV,Humboldt County,86.1,2161.5
MO,Gentry County,86.1,2161.5
NC,Avery County,86.1,2161.5
IL,Kane County,86.1,2161.5
OK,Kiowa County,86.1,2161.5
SD,McPherson County,86.1,2161.5
TN,Lawrence County,86.1,2161.5
TX,Milam County,86.1,2161.5
TX,Wood County,86.1,2161.5
KY,Mason County,86.1,2161.5
LA,St. John the Baptist Parish,86.1,2161.5
AL,St. Clair County,86.1,2161.5
SC,Calhoun County,86.1,2161.5
LA,Sabine Parish,86.1,2161.5
GA,Pierce County,86.1,2161.5
OH,Wayne County,86.1,2161.5
ID,Payette County,86.1,2161.5
KY,Breckinridge County,86.1,2161.5
RI,Providence County,86.1,2161.5
TX,Van Zandt County,86.1,2161.5
MA,Hampden County,86.1,2161.5
NC,Granville County,86,2179.5
MS,Jones County,86,2179.5
TX,Hartley County,86,2179.5
OR,Lake County,86,2179.5
LA,Cameron Parish,86,2179.5
SC,Greenwood County,86,2179.5
CO,Jackson County,86,2179.5
MO,St. Francois County,86,2179.5
TN,McMinn County,86,2179.5
TX,Donley County,86,2179.5
SD,Corson County,86,2179.5
OH,Scioto County,86,2179.5
LA,St. James Parish,86,2179.5
NC,Stanly County,86,2179.5
SC,Colleton County,85.9,2197.0
NC,Wayne County,85.9,2197.0
NC,Davidson County,85.9,2197.0
GA,Seminole County,85.9,2197.0
TX,Wise County,85.9,2197.0
FL,Highlands County,85.9,2197.0
AL,Dallas County,85.9,2197.0
FL,Baker County,85.9,2197.0
VA,Northampton County,85.9,2197.0
KY,Allen County,85.9,2197.0
MO,Montgomery County,85.9,2197.0
VA,Manassas city,85.9,2197.0
TX,Walker County,85.9,2197.0
MS,Pearl River County,85.9,2197.0
MA,Bristol County,85.9,2197.0
AR,Fulton County,85.9,2197.0
OH,Guernsey County,85.9,2197.0
GA,Dodge County,85.9,2197.0
TX,Lipscomb County,85.9,2197.0
IN,Owen County,85.9,2197.0
TX,Medina County,85.9,2197.0
MO,Shannon County,85.8,2215.5
CA,Tehama County,85.8,2215.5
KY,Bourbon County,85.8,2215.5
MO,Maries County,85.8,2215.5
TX,Coleman County,85.8,2215.5
PR,Guaynabo Municipio,85.8,2215.5
MO,Howell County,85.8,2215.5
TX,Fannin County,85.8,2215.5
TX,Gregg County,85.8,2215.5
SC,Anderson County,85.8,2215.5
TN,Trousdale County,85.8,2215.5
NM,San Juan County,85.8,2215.5
AR,White County,85.8,2215.5
ID,Benewah County,85.8,2215.5
TN,Henry County,85.8,2215.5
AR,Independence County,85.8,2215.5
TX,Kimble County,85.7,2228.5
OR,Marion County,85.7,2228.5
MS,Winston County,85.7,2228.5
OK,Caddo County,85.7,2228.5
NC,Warren County,85.7,2228.5
KY,Crittenden County,85.7,2228.5
TN,Lincoln County,85.7,2228.5
MS,Tate County,85.7,2228.5
SD,Beadle County,85.7,2228.5
GA,Baldwin County,85.7,2228.5
KS,Anderson County,85.6,2240.5
TX,Upshur County,85.6,2240.5
GA,Carroll County,85.6,2240.5
NC,Yadkin County,85.6,2240.5
CA,Ventura County,85.6,2240.5
CO,Baca County,85.6,2240.5
VA,Prince Edward County,85.6,2240.5
IN,Starke County,85.6,2240.5
OK,Murray County,85.6,2240.5
AR,Randolph County,85.6,2240.5
NC,Lee County,85.6,2240.5
MO,Scott County,85.6,2240.5
MO,Moniteau County,85.6,2240.5
GA,Rabun County,85.6,2240.5
OK,Pushmataha County,85.5,2253.0
TX,Hemphill County,85.5,2253.0
IN,Marshall County,85.5,2253.0
NC,Rutherford County,85.5,2253.0
KY,Garrard County,85.5,2253.0
VA,Southampton County,85.5,2253.0
AL,Butler County,85.5,2253.0
OK,Alfalfa County,85.5,2253.0
KY,Hancock County,85.5,2253.0
TX,Comanche County,85.5,2253.0
LA,Webster Parish,85.5,2253.0
PA,Mifflin County,85.4,2265.0
GA,Clayton County,85.4,2265.0
MS,Lincoln County,85.4,2265.0
VA,Amelia County,85.4,2265.0
KY,Montgomery County,85.4,2265.0
TX,Bexar County,85.4,2265.0
TX,Hardeman County,85.4,2265.0
CA,Modoc County,85.4,2265.0
MS,Amite County,85.4,2265.0
TX,Hill County,85.4,2265.0
GA,Lanier County,85.4,2265.0
NC,McDowell County,85.4,2265.0
PR,Trujillo Alto Municipio,85.4,2265.0
TX,Nacogdoches County,85.3,2276.5
AL,Russell County,85.3,2276.5
KY,Carlisle County,85.3,2276.5
MO,Lewis County,85.3,2276.5
TX,Mills County,85.3,2276.5
CA,Napa County,85.3,2276.5
TX,Cottle County,85.3,2276.5
VA,Surry County,85.3,2276.5
WV,Mercer County,85.3,2276.5
KY,Marion County,85.3,2276.5
TN,McNairy County,85.2,2289.5
MS,Yalobusha County,85.2,2289.5
AR,Newton County,85.2,2289.5
AR,Ashley County,85.2,2289.5
IA,Marshall County,85.2,2289.5
NE,Pawnee County,85.2,2289.5
AL,Calhoun County,85.2,2289.5
OK,Delaware County,85.2,2289.5
VA,Hopewell city,85.2,2289.5
MS,Clarke County,85.2,2289.5
AL,Covington County,85.2,2289.5
AR,Carroll County,85.2,2289.5
TX,Briscoe County,85.2,2289.5
OK,Beckham County,85.2,2289.5
OH,Meigs County,85.2,2289.5
KY,Webster County,85.2,2289.5
IL,Randolph County,85.1,2304.5
KY,Adair County,85.1,2304.5
OH,Pike County,85.1,2304.5
GA,White County,85.1,2304.5
MO,Barry County,85.1,2304.5
TX,Reagan County,85.1,2304.5
GA,Miller County,85.1,2304.5
MO,Texas County,85.1,2304.5
GA,Gilmer County,85.1,2304.5
AL,Coosa County,85.1,2304.5
AR,Van Buren County,85.1,2304.5
TN,Greene County,85.1,2304.5
VA,Bath County,85.1,2304.5
KY,Harrison County,85.1,2304.5
IN,Fayette County,85,2319.5
MO,Lawrence County,85,2319.5
MO,Sullivan County,85,2319.5
NC,Swain County,85,2319.5
NJ,Passaic County,85,2319.5
KY,Gallatin County,85,2319.5
TX,Schleicher County,85,2319.5
GA,Peach County,85,2319.5
WA,Okanogan County,85,2319.5
OH,Noble County,85,2319.5
IN,Switzerland County,85,2319.5
TX,Eastland County,85,2319.5
OH,Gallia County,85,2319.5
NC,Alexander County,85,2319.5
TX,Kinney County,85,2319.5
NC,Bladen County,85,2319.5
AR,Crawford County,84.9,2333.0
GA,Oglethorpe County,84.9,2333.0
OK,Beaver County,84.9,2333.0
IL,Cass County,84.9,2333.0
OK,Coal County,84.9,2333.0
IN,Parke County,84.9,2333.0
NE,Hall County,84.9,2333.0
TX,Robertson County,84.9,2333.0
AL,Dale County,84.9,2333.0
GA,Worth County,84.9,2333.0
AR,Madison County,84.9,2333.0
IL,Hardin County,84.8,2348.5
AK,Wrangell City and Borough,84.8,2348.5
VA,Petersburg city,84.8,2348.5
AR,Lawrence County,84.8,2348.5
MO,Bollinger County,84.8,2348.5
NM,Valencia County,84.8,2348.5
IN,Orange County,84.8,2348.5
TX,Henderson County,84.8,2348.5
CO,Adams County,84.8,2348.5
MD,Caroline County,84.8,2348.5
SC,Darlington County,84.8,2348.5
MS,George County,84.8,2348.5
TX,Jefferson County,84.8,2348.5
MS,Webster County,84.8,2348.5
LA,Plaquemines Parish,84.8,2348.5
TN,Benton County,84.8,2348.5
TX,Stephens County,84.8,2348.5
VA,Tazewell County,84.8,2348.5
NY,Seneca County,84.8,2348.5
AL,Morgan County,84.8,2348.5
AL,Lowndes County,84.7,2364.0
NM,San Miguel County,84.7,2364.0
AR,Stone County,84.7,2364.0
OH,Morgan County,84.7,2364.0
TN,Hamblen County,84.7,2364.0
WA,Chelan County,84.7,2364.0
SC,Chester County,84.7,2364.0
OK,Haskell County,84.7,2364.0
TN,Chester County,84.7,2364.0
AK,Aleutians East Borough,84.7,2364.0
TN,Monroe County,84.7,2364.0
IN,Cass County,84.6,2376.0
KY,Robertson County,84.6,2376.0
AZ,Navajo County,84.6,2376.0
MS,Lauderdale County,84.6,2376.0
MS,Perry County,84.6,2376.0
ND,McIntosh County,84.6,2376.0
ND,Sioux County,84.6,2376.0
NC,Edgecombe County,84.6,2376.0
SC,Fairfield County,84.6,2376.0
KS,Meade County,84.6,2376.0
AR,Sebastian County,84.6,2376.0
WV,Calhoun County,84.6,2376.0
VA,Essex County,84.6,2376.0
TX,Jasper County,84.5,2390.5
GA,Wayne County,84.5,2390.5
AL,Greene County,84.5,2390.5
VA,Charlotte County,84.5,2390.5
IA,Louisa County,84.5,2390.5
TX,Limestone County,84.5,2390.5
TX,Rusk County,84.5,2390.5
TX,San Jacinto County,84.5,2390.5
TX,Midland County,84.5,2390.5
AR,Crittenden County,84.5,2390.5
NC,Chowan County,84.5,2390.5
GA,Decatur County,84.5,2390.5
TX,Stonewall County,84.5,2390.5
TN,Cannon County,84.5,2390.5
VA,Nelson County,84.5,2390.5
IA,Clarke County,84.5,2390.5
OK,Love County,84.4,2404.0
MS,Jefferson Davis County,84.4,2404.0
MO,Grundy County,84.4,2404.0
TX,Colorado County,84.4,2404.0
TN,Decatur County,84.4,2404.0
WV,Summers County,84.4,2404.0
GA,Walker County,84.4,2404.0
NM,Union County,84.4,2404.0
NE,Dixon County,84.4,2404.0
NC,Vance County,84.4,2404.0
WV,Fayette County,84.4,2404.0
KY,Barren County,84.3,2416.0
OH,Coshocton County,84.3,2416.0
AR,Clay County,84.3,2416.0
KY,Henry County,84.3,2416.0
SC,Orangeburg County,84.3,2416.0
IL,Lawrence County,84.3,2416.0
MS,Stone County,84.3,2416.0
TN,Houston County,84.3,2416.0
TX,Bastrop County,84.3,2416.0
ID,Cassia County,84.3,2416.0
WV,Hardy County,84.3,2416.0
TN,Hardin County,84.3,2416.0
AK,Northwest Arctic Borough,84.3,2416.0
VA,Smyth County,84.2,2427.0
OH,Fayette County,84.2,2427.0
NM,Quay County,84.2,2427.0
AL,Cullman County,84.2,2427.0
OK,Le Flore County,84.2,2427.0
VA,Danville city,84.2,2427.0
MS,Covington County,84.2,2427.0
MO,Butler County,84.2,2427.0
AR,Pope County,84.2,2427.0
NC,Columbus County,84.1,2437.0
NV,Pershing County,84.1,2437.0
MS,Tunica County,84.1,2437.0
AR,Bradley County,84.1,2437.0
GA,McDuffie County,84.1,2437.0
WV,Boone County,84.1,2437.0
TX,Nueces County,84.1,2437.0
AR,Calhoun County,84.1,2437.0
MS,Newton County,84.1,2437.0
TN,Crockett County,84.1,2437.0
WV,Gilmer County,84.1,2437.0
AZ,La Paz County,84,2445.5
VA,Pittsylvania County,84,2445.5
GA,Tift County,84,2445.5
OK,McCurtain County,84,2445.5
WV,Grant County,84,2445.5
OK,Seminole County,84,2445.5
NC,Randolph County,83.9,2455.0
SC,Williamsburg County,83.9,2455.0
MS,Prentiss County,83.9,2455.0
TX,Trinity County,83.9,2455.0
KS,Scott County,83.9,2455.0
GA,Washington County,83.9,2455.0
GA,Burke County,83.9,2455.0
TX,Baylor County,83.9,2455.0
PR,Santa Isabel Municipio,83.9,2455.0
GA,Stephens County,83.9,2455.0
AR,Montgomery County,83.9,2455.0
KY,Trimble County,83.9,2455.0
NM,Socorro County,83.9,2455.0
TX,Coke County,83.8,2469.0
TX,Dickens County,83.8,2469.0
OK,Atoka County,83.8,2469.0
OH,Highland County,83.8,2469.0
TX,Angelina County,83.8,2469.0
LA,St. Martin Parish,83.8,2469.0
MO,Dent County,83.8,2469.0
IL,Douglas County,83.8,2469.0
GA,Spalding County,83.8,2469.0
TN,Bedford County,83.8,2469.0
NM,Guadalupe County,83.8,2469.0
FL,Jefferson County,83.8,2469.0
NC,Rockingham County,83.8,2469.0
AR,Hempstead County,83.8,2469.0
MS,Copiah County,83.8,2469.0
SC,Abbeville County,83.7,2481.0
OH,Adams County,83.7,2481.0
TX,Victoria County,83.7,2481.0
VA,Franklin city,83.7,2481.0
MS,Franklin County,83.7,2481.0
GA,Ben Hill County,83.7,2481.0
TN,Cocke County,83.7,2481.0
MO,Douglas County,83.7,2481.0
NC,Hertford County,83.7,2481.0
GA,Floyd County,83.6,2491.5
FL,Washington County,83.6,2491.5
NY,Kings County,83.6,2491.5
TX,Goliad County,83.6,2491.5
MS,Itawamba County,83.6,2491.5
GA,Baker County,83.6,2491.5
OK,Choctaw County,83.6,2491.5
PR,San Juan Municipio,83.6,2491.5
OK,Cotton County,83.6,2491.5
AL,Blount County,83.6,2491.5
AL,Marshall County,83.6,2491.5
MS,Marion County,83.6,2491.5
NC,Washington County,83.5,2502.5
LA,Iberia Parish,83.5,2502.5
GA,Lincoln County,83.5,2502.5
AR,Jackson County,83.5,2502.5
IL,Perry County,83.5,2502.5
KY,Leslie County,83.5,2502.5
AL,Macon County,83.5,2502.5
MS,Clay County,83.5,2502.5
KY,Pendleton County,83.5,2502.5
GA,Dougherty County,83.5,2502.5
OK,Hughes County,83.4,2517.0
FL,Jackson County,83.4,2517.0
PR,Caguas Municipio,83.4,2517.0
SD,Dewey County,83.4,2517.0
TX,Leon County,83.4,2517.0
GA,Bacon County,83.4,2517.0
WV,Doddridge County,83.4,2517.0
GA,Screven County,83.4,2517.0
SC,McCormick County,83.4,2517.0
OK,Jefferson County,83.4,2517.0
PR,Toa Alta Municipio,83.4,2517.0
PA,Forest County,83.4,2517.0
VA,Westmoreland County,83.4,2517.0
SC,Cherokee County,83.4,2517.0
GA,Crisp County,83.4,2517.0
KY,Pulaski County,83.4,2517.0
KY,Muhlenberg County,83.4,2517.0
AZ,Graham County,83.4,2517.0
GA,McIntosh County,83.4,2517.0
LA,Jackson Parish,83.3,2532.5
VA,Harrisonburg city,83.3,2532.5
MS,Pike County,83.3,2532.5
TN,Lewis County,83.3,2532.5
NC,Burke County,83.3,2532.5
MO,Oregon County,83.3,2532.5
GA,Sumter County,83.3,2532.5
NM,Hidalgo County,83.3,2532.5
VA,Nottoway County,83.3,2532.5
NC,Jones County,83.3,2532.5
MS,Monroe County,83.3,2532.5
OR,Umatilla County,83.3,2532.5
VA,Patrick County,83.2,2543.5
MD,Somerset County,83.2,2543.5
TN,Meigs County,83.2,2543.5
KY,Grayson County,83.2,2543.5
AL,Pickens County,83.2,2543.5
OR,Hood River County,83.2,2543.5
TN,Warren County,83.2,2543.5
TX,Runnels County,83.2,2543.5
AL,Lawrence County,83.2,2543.5
CA,San Benito County,83.2,2543.5
AL,Cleburne County,83.1,2553.0
PR,Fajardo Municipio,83.1,2553.0
IL,Johnson County,83.1,2553.0
TN,Rhea County,83.1,2553.0
NM,Roosevelt County,83.1,2553.0
GA,Haralson County,83.1,2553.0
LA,Vermilion Parish,83.1,2553.0
KY,Johnson County,83.1,2553.0
TX,DeWitt County,83.1,2553.0
FL,Suwannee County,83,2562.5
AL,Fayette County,83,2562.5
MO,Wright County,83,2562.5
OK,Blaine County,83,2562.5
AL,Clay County,83,2562.5
NM,Eddy County,83,2562.5
PA,Juniata County,83,2562.5
VA,Page County,83,2562.5
TX,Calhoun County,83,2562.5
TN,Obion County,83,2562.5
OK,Greer County,82.9,2570.5
VA,Charles City County,82.9,2570.5
AL,Talladega County,82.9,2570.5
LA,Jefferson Davis Parish,82.9,2570.5
CA,Riverside County,82.9,2570.5
WV,Pendleton County,82.9,2570.5
VA,Halifax County,82.8,2579.0
WI,Clark County,82.8,2579.0
GA,Dade County,82.8,2579.0
AL,Chambers County,82.8,2579.0
IN,Noble County,82.8,2579.0
TX,Childress County,82.8,2579.0
KY,Owen County,82.8,2579.0
SC,Union County,82.8,2579.0
TX,Burleson County,82.8,2579.0
TN,Haywood County,82.8,2579.0
IN,Crawford County,82.8,2579.0
GA,Upson County,82.7,2586.5
NY,Queens County,82.7,2586.5
MO,Iron County,82.7,2586.5
TX,Panola County,82.7,2586.5
LA,West Feliciana Parish,82.6,2592.5
NC,Richmond County,82.6,2592.5
TX,Freestone County,82.6,2592.5
AR,Mississippi County,82.6,2592.5
OK,Sequoyah County,82.6,2592.5
TN,Wayne County,82.6,2592.5
TX,Hall County,82.6,2592.5
VA,Grayson County,82.6,2592.5
AL,Geneva County,82.5,2603.0
GA,Long County,82.5,2603.0
NC,Martin County,82.5,2603.0
NC,Graham County,82.5,2603.0
NC,Anson County,82.5,2603.0
WV,Pocahontas County,82.5,2603.0
PR,Bayamn Municipio,82.5,2603.0
NC,Caswell County,82.5,2603.0
MS,Leflore County,82.5,2603.0
AL,Jackson County,82.5,2603.0
AL,Lamar County,82.5,2603.0
KY,Whitley County,82.5,2603.0
GA,Mitchell County,82.5,2603.0
KY,Lincoln County,82.4,2613.5
KY,Laurel County,82.4,2613.5
FL,Miami-Dade County,82.4,2613.5
GA,Taliaferro County,82.4,2613.5
AR,Woodruff County,82.4,2613.5
LA,Tangipahoa Parish,82.4,2613.5
LA,De Soto Parish,82.4,2613.5
AL,Monroe County,82.4,2613.5
MO,New Madrid County,82.3,2622.5
AR,St. Francis County,82.3,2622.5
AL,Walker County,82.3,2622.5
TN,Polk County,82.3,2622.5
PR,Dorado Municipio,82.3,2622.5
TX,Nolan County,82.3,2622.5
NC,Montgomery County,82.3,2622.5
TX,Mason County,82.3,2622.5
GA,Toombs County,82.3,2622.5
SC,Lee County,82.3,2622.5
CO,Prowers County,82.2,2632.5
TN,Hardeman County,82.2,2632.5
FL,Taylor County,82.2,2632.5
AL,Clarke County,82.2,2632.5
AR,Sharp County,82.2,2632.5
TN,Clay County,82.2,2632.5
GA,Wilcox County,82.2,2632.5
TX,Mitchell County,82.2,2632.5
VA,Accomack County,82.2,2632.5
GA,Jenkins County,82.2,2632.5
TX,Menard County,82.1,2642.5
MI,Oscoda County,82.1,2642.5
AZ,Apache County,82.1,2642.5
TX,Newton County,82.1,2642.5
WA,Douglas County,82.1,2642.5
GA,Hart County,82.1,2642.5
SC,Laurens County,82.1,2642.5
SC,Edgefield County,82.1,2642.5
NC,Wilson County,82.1,2642.5
TX,Anderson County,82.1,2642.5
TN,Claiborne County,82,2653.5
GA,Heard County,82,2653.5
VA,Scott County,82,2653.5
AR,Izard County,82,2653.5
KY,Powell County,82,2653.5
FL,Bradford County,82,2653.5
KY,Bath County,82,2653.5
MI,Lake County,82,2653.5
TN,Sequatchie County,82,2653.5
WV,Braxton County,82,2653.5
TN,Hickman County,82,2653.5
MS,Grenada County,82,2653.5
AK,Bethel Census Area,81.9,2664.5
TX,Harris County,81.9,2664.5
GA,Talbot County,81.9,2664.5
AR,Cross County,81.9,2664.5
GA,Polk County,81.9,2664.5
WV,Wirt County,81.9,2664.5
IN,Elkhart County,81.9,2664.5
NC,Sampson County,81.9,2664.5
KY,Russell County,81.9,2664.5
CA,Santa Barbara County,81.9,2664.5
FL,Putnam County,81.8,2677.0
PR,Gurabo Municipio,81.8,2677.0
VA,Russell County,81.8,2677.0
MO,Ripley County,81.8,2677.0
AR,Lee County,81.8,2677.0
GA,Madison County,81.8,2677.0
OK,Okfuskee County,81.8,2677.0
MO,Wayne County,81.8,2677.0
MS,Lawrence County,81.8,2677.0
GA,Ware County,81.8,2677.0
NM,Cibola County,81.8,2677.0
PR,Toa Baja Municipio,81.8,2677.0
MS,Choctaw County,81.8,2677.0
GA,Franklin County,81.8,2677.0
GA,Glascock County,81.8,2677.0
WV,Wayne County,81.7,2689.5
AR,Phillips County,81.7,2689.5
OK,Harmon County,81.7,2689.5
LA,Washington Parish,81.7,2689.5
MS,Walthall County,81.7,2689.5
AL,Chilton County,81.7,2689.5
TX,San Patricio County,81.7,2689.5
TX,San Saba County,81.7,2689.5
TX,Grimes County,81.7,2689.5
LA,Winn Parish,81.7,2689.5
AL,Escambia County,81.6,2700.0
GA,Brooks County,81.6,2700.0
VA,Carroll County,81.6,2700.0
MS,Claiborne County,81.6,2700.0
PR,Culebra Municipio,81.6,2700.0
LA,Red River Parish,81.6,2700.0
MO,Ozark County,81.6,2700.0
AL,Tallapoosa County,81.6,2700.0
MS,Kemper County,81.6,2700.0
KS,Stanton County,81.6,2700.0
TX,Jack County,81.6,2700.0
TN,Marion County,81.5,2710.5
KY,Metcalfe County,81.5,2710.5
TN,White County,81.5,2710.5
NC,Caldwell County,81.5,2710.5
SC,Hampton County,81.5,2710.5
OR,Malheur County,81.5,2710.5
AR,Poinsett County,81.5,2710.5
SC,Barnwell County,81.5,2710.5
TX,Tyler County,81.5,2710.5
LA,St. Bernard Parish,81.5,2710.5
TN,Jackson County,81.4,2718.5
KY,Fleming County,81.4,2718.5
TN,Hancock County,81.4,2718.5
WV,Ritchie County,81.4,2718.5
TN,Overton County,81.4,2718.5
ID,Lincoln County,81.4,2718.5
NC,Scotland County,81.3,2728.5
SC,Saluda County,81.3,2728.5
AL,Henry County,81.3,2728.5
TX,Wheeler County,81.3,2728.5
TX,Refugio County,81.3,2728.5
IA,Crawford County,81.3,2728.5
AL,Hale County,81.3,2728.5
TX,Matagorda County,81.3,2728.5
AL,Marion County,81.3,2728.5
LA,East Feliciana Parish,81.3,2728.5
GA,Brantley County,81.3,2728.5
MS,Wilkinson County,81.3,2728.5
GA,Cook County,81.3,2728.5
KY,Ohio County,81.3,2728.5
TN,Morgan County,81.2,2742.0
KS,Hamilton County,81.2,2742.0
MS,Coahoma County,81.2,2742.0
GA,Crawford County,81.2,2742.0
MS,Neshoba County,81.2,2742.0
AL,Crenshaw County,81.2,2742.0
AR,Lincoln County,81.2,2742.0
KS,Wyandotte County,81.2,2742.0
LA,Grant Parish,81.2,2742.0
OK,Marshall County,81.2,2742.0
GA,Butts County,81.2,2742.0
MS,Attala County,81.2,2742.0
MS,Smith County,81.2,2742.0
TX,San Augustine County,81.1,2757.5
CA,San Bernardino County,81.1,2757.5
CA,Yuba County,81.1,2757.5
WV,Lincoln County,81.1,2757.5
MS,Leake County,81.1,2757.5
MO,Crawford County,81.1,2757.5
NC,Wilkes County,81.1,2757.5
SD,Mellette County,81.1,2757.5
TX,Scurry County,81.1,2757.5
LA,St. Mary Parish,81.1,2757.5
MO,Stoddard County,81.1,2757.5
AR,Lafayette County,81.1,2757.5
LA,La Salle Parish,81.1,2757.5
LA,Concordia Parish,81.1,2757.5
LA,Terrebonne Parish,81.1,2757.5
KY,Nicholas County,81.1,2757.5
LA,Pointe Coupee Parish,81.1,2757.5
SD,Buffalo County,81.1,2757.5
NC,Lenoir County,81,2771.5
TX,Gray County,81,2771.5
OK,Adair County,81,2771.5
IN,Scott County,81,2771.5
MS,Washington County,81,2771.5
GA,Montgomery County,81,2771.5
NC,Surry County,81,2771.5
MS,Marshall County,81,2771.5
TN,Johnson County,81,2771.5
TX,Knox County,81,2771.5
MS,Wayne County,80.9,2780.0
TN,Van Buren County,80.9,2780.0
NC,Northampton County,80.9,2780.0
AR,Desha County,80.9,2780.0
MS,Alcorn County,80.9,2780.0
NM,De Baca County,80.9,2780.0
KY,Edmonson County,80.9,2780.0
KY,Green County,80.8,2791.5
NM,Curry County,80.8,2791.5
GA,Wilkes County,80.8,2791.5
GA,Charlton County,80.8,2791.5
LA,Lafourche Parish,80.8,2791.5
VA,Buckingham County,80.8,2791.5
FL,Dixie County,80.8,2791.5
KY,Larue County,80.8,2791.5
TX,Martin County,80.8,2791.5
KY,Butler County,80.8,2791.5
PR,Coamo Municipio,80.8,2791.5
VA,Henry County,80.8,2791.5
KY,Monroe County,80.8,2791.5
FL,Gadsden County,80.8,2791.5
TX,Dallas County,80.8,2791.5
KY,Carroll County,80.8,2791.5
GA,Hall County,80.7,2805.0
MS,Carroll County,80.7,2805.0
NM,Dona Ana County,80.7,2805.0
CO,Morgan County,80.7,2805.0
TX,Kleberg County,80.7,2805.0
NJ,Cumberland County,80.7,2805.0
LA,West Carroll Parish,80.7,2805.0
GA,Webster County,80.7,2805.0
IL,Brown County,80.7,2805.0
TX,Jones County,80.7,2805.0
TX,Atascosa County,80.7,2805.0
CA,Del Norte County,80.6,2813.5
TX,Shelby County,80.6,2813.5
AL,Choctaw County,80.6,2813.5
TN,DeKalb County,80.6,2813.5
FL,Okeechobee County,80.6,2813.5
TX,Jackson County,80.6,2813.5
AL,Bibb County,80.5,2821.0
GA,Berrien County,80.5,2821.0
GA,Habersham County,80.5,2821.0
TX,Wharton County,80.5,2821.0
FL,Holmes County,80.5,2821.0
GA,Clay County,80.5,2821.0
TX,Cherokee County,80.5,2821.0
TX,McCulloch County,80.5,2821.0
TX,Howard County,80.5,2821.0
GA,Twiggs County,80.4,2829.5
MO,Washington County,80.4,2829.5
FL,Madison County,80.4,2829.5
TX,Polk County,80.4,2829.5
KY,Rockcastle County,80.4,2829.5
CA,San Joaquin County,80.4,2829.5
SC,Marion County,80.4,2829.5
MS,Bolivar County,80.4,2829.5
TN,Fentress County,80.3,2837.0
WV,Logan County,80.3,2837.0
WV,Roane County,80.3,2837.0
OH,Vinton County,80.3,2837.0
PR,Las Piedras Municipio,80.3,2837.0
WA,Grant County,80.3,2837.0
GA,Pulaski County,80.3,2837.0
AR,Searcy County,80.2,2845.0
LA,Acadia Parish,80.2,2845.0
NC,Bertie County,80.2,2845.0
NE,Saline County,80.2,2845.0
GA,Early County,80.2,2845.0
GA,Emanuel County,80.2,2845.0
MS,Panola County,80.2,2845.0
NV,Esmeralda County,80.2,2845.0
AL,Randolph County,80.2,2845.0
SC,Chesterfield County,80.1,2853.0
WV,Clay County,80.1,2853.0
LA,Morehouse Parish,80.1,2853.0
TN,Campbell County,80.1,2853.0
AR,Johnson County,80.1,2853.0
TX,Caldwell County,80.1,2853.0
TX,Navarro County,80.1,2853.0
GA,Dooly County,80,2859.5
CA,Los Angeles County,80,2859.5
CA,Stanislaus County,80,2859.5
KY,Fulton County,80,2859.5
CA,Lassen County,80,2859.5
NC,Halifax County,80,2859.5
AR,Scott County,79.9,2865.5
TN,Scott County,79.9,2865.5
TN,Grainger County,79.9,2865.5
MO,Mississippi County,79.9,2865.5
VA,Dickenson County,79.9,2865.5
LA,Iberville Parish,79.9,2865.5
VA,Lee County,79.8,2874.5
TX,Crockett County,79.8,2874.5
MS,Sharkey County,79.8,2874.5
TX,El Paso County,79.8,2874.5
VA,Buena Vista city,79.8,2874.5
VA,Lunenburg County,79.8,2874.5
GA,Grady County,79.8,2874.5
VA,Sussex County,79.8,2874.5
NM,Chaves County,79.8,2874.5
SC,Marlboro County,79.8,2874.5
NY,Hamilton County,79.8,2874.5
AL,Cherokee County,79.8,2874.5
NC,Duplin County,79.7,2884.0
TN,Macon County,79.7,2884.0
MO,Pemiscot County,79.7,2884.0
GA,Turner County,79.7,2884.0
GA,Jefferson County,79.7,2884.0
LA,Allen Parish,79.7,2884.0
SC,Clarendon County,79.7,2884.0
MS,Adams County,79.6,2890.5
TX,Houston County,79.6,2890.5
KY,Cumberland County,79.6,2890.5
ID,Camas County,79.6,2890.5
VA,Manassas Park city,79.6,2890.5
CA,Sutter County,79.6,2890.5
GA,Jeff Davis County,79.5,2898.5
PR,Jayuya Municipio,79.5,2898.5
TN,Lauderdale County,79.5,2898.5
KY,Carter County,79.5,2898.5
AK,Kusilvak Census Area,79.5,2898.5
AL,Franklin County,79.5,2898.5
TX,Falls County,79.5,2898.5
MO,Scotland County,79.5,2898.5
PR,Hormigueros Municipio,79.5,2898.5
ID,Power County,79.5,2898.5
IA,Davis County,79.4,2906.0
MS,Simpson County,79.4,2906.0
NC,Alleghany County,79.4,2906.0
GA,Meriwether County,79.4,2906.0
IA,Buena Vista County,79.4,2906.0
AL,Winston County,79.3,2910.0
TN,Pickett County,79.3,2910.0
GA,Elbert County,79.3,2910.0
GA,Terrell County,79.2,2914.0
MO,Dunklin County,79.2,2914.0
PR,Aibonito Municipio,79.2,2914.0
AL,Wilcox County,79.2,2914.0
TX,Titus County,79.2,2914.0
TN,Union County,79.1,2920.5
NM,McKinley County,79.1,2920.5
ID,Minidoka County,79.1,2920.5
MO,Morgan County,79.1,2920.5
KS,Grant County,79.1,2920.5
GA,Randolph County,79.1,2920.5
TX,Bee County,79.1,2920.5
KY,Todd County,79.1,2920.5
OK,Tillman County,79,2926.5
GA,Echols County,79,2926.5
TX,Lynn County,79,2926.5
PR,Humacao Municipio,79,2926.5
KY,Pike County,78.9,2932.0
TX,Jim Wells County,78.9,2932.0
FL,Franklin County,78.9,2932.0
MS,Pontotoc County,78.9,2932.0
TX,Haskell County,78.9,2932.0
MS,Tishomingo County,78.9,2932.0
GA,Irwin County,78.9,2932.0
WV,Webster County,78.8,2937.5
MN,Nobles County,78.8,2937.5
AR,Monroe County,78.8,2937.5
SC,Dillon County,78.8,2937.5
TX,Ward County,78.7,2941.5
LA,Richland Parish,78.7,2941.5
VA,Galax city,78.7,2941.5
SD,Todd County,78.7,2941.5
PR,Guayama Municipio,78.6,2945.5
AL,Perry County,78.6,2945.5
NC,Hyde County,78.6,2945.5
PR,Villalba Municipio,78.6,2945.5
PR,Florida Municipio,78.5,2949.0
MS,Jefferson County,78.5,2949.0
TX,Wilbarger County,78.5,2949.0
TX,Edwards County,78.4,2952.5
MS,Calhoun County,78.4,2952.5
VA,Brunswick County,78.4,2952.5
AR,Chicot County,78.4,2952.5
TX,Madison County,78.3,2955.5
LA,St. Landry Parish,78.3,2955.5
AL,DeKalb County,78.2,2958.5
MS,Union County,78.2,2958.5
TN,Grundy County,78.2,2958.5
PR,Ponce Municipio,78.2,2958.5
GA,Candler County,78.1,2963.5
MS,Tallahatchie County,78.1,2963.5
MO,McDonald County,78.1,2963.5
TX,Liberty County,78.1,2963.5
PR,Luquillo Municipio,78.1,2963.5
VA,Wise County,78.1,2963.5
KY,Hart County,78,2968.5
KY,Clinton County,78,2968.5
PR,Arecibo Municipio,78,2968.5
GA,Tattnall County,78,2968.5
KY,McCreary County,77.9,2974.0
LA,Claiborne Parish,77.9,2974.0
PR,Yauco Municipio,77.9,2974.0
CA,Fresno County,77.9,2974.0
MS,Tippah County,77.9,2974.0
NC,Robeson County,77.9,2974.0
NE,Dakota County,77.9,2974.0
MS,Scott County,77.8,2980.5
GA,Appling County,77.8,2980.5
MO,Reynolds County,77.8,2980.5
LA,Tensas Parish,77.8,2980.5
KY,Perry County,77.8,2980.5
VA,Richmond County,77.8,2980.5
KS,Kearny County,77.7,2987.5
PR,Ro Grande Municipio,77.7,2987.5
TN,Perry County,77.7,2987.5
PR,Canvanas Municipio,77.7,2987.5
FL,Calhoun County,77.7,2987.5
PR,Cidra Municipio,77.7,2987.5
MS,Montgomery County,77.7,2987.5
AZ,Santa Cruz County,77.7,2987.5
AL,Bullock County,77.6,2995.0
NC,Greene County,77.6,2995.0
MS,Holmes County,77.6,2995.0
PR,Patillas Municipio,77.6,2995.0
NE,Dawson County,77.6,2995.0
KS,Gray County,77.6,2995.0
SC,Bamberg County,77.6,2995.0
KY,Breathitt County,77.5,3000.0
PR,Cayey Municipio,77.5,3000.0
PR,Juana Daz Municipio,77.5,3000.0
OR,Morrow County,77.4,3004.5
WV,Wyoming County,77.4,3004.5
FL,Union County,77.4,3004.5
MS,Greene County,77.4,3004.5
LA,St. Helena Parish,77.4,3004.5
AR,Yell County,77.4,3004.5
MS,Noxubee County,77.3,3008.0
GA,Evans County,77.2,3011.0
GA,Coffee County,77.2,3011.0
KY,Wayne County,77.2,3011.0
TX,Crosby County,77.2,3011.0
ID,Gooding County,77.2,3011.0
KY,Lewis County,77.1,3015.5
VA,Greensville County,77.1,3015.5
PR,Guayanilla Municipio,77.1,3015.5
KY,Floyd County,77.1,3015.5
KY,Letcher County,77,3019.0
GA,Marion County,77,3019.0
FL,Liberty County,77,3019.0
GA,Banks County,76.9,3024.0
PR,Catao Municipio,76.9,3024.0
PR,Salinas Municipio,76.9,3024.0
TX,Sutton County,76.9,3024.0
PR,Naguabo Municipio,76.9,3024.0
KY,Morgan County,76.9,3024.0
IN,Daviess County,76.9,3024.0
LA,Franklin Parish,76.8,3028.5
LA,Assumption Parish,76.8,3028.5
TX,Live Oak County,76.7,3031.5
LA,Caldwell Parish,76.7,3031.5
GA,Gordon County,76.7,3031.5
KY,Menifee County,76.7,3031.5
GA,Calhoun County,76.6,3035.5
TX,Ochiltree County,76.6,3035.5
MS,Chickasaw County,76.6,3035.5
PR,Arroyo Municipio,76.6,3035.5
TX,Potter County,76.5,3041.0
TX,Hockley County,76.5,3041.0
KY,Lawrence County,76.5,3041.0
TN,Bledsoe County,76.5,3041.0
LA,Avoyelles Parish,76.5,3041.0
CA,Glenn County,76.5,3041.0
TX,King County,76.5,3041.0
GA,Colquitt County,76.4,3046.5
PR,Hatillo Municipio,76.4,3046.5
TX,Ector County,76.4,3046.5
TX,Gonzales County,76.4,3046.5
SC,Allendale County,76.3,3050.5
TX,Castro County,76.3,3050.5
ID,Jerome County,76.3,3050.5
MS,Humphreys County,76.3,3050.5
FL,Hardee County,76.2,3055.0
NM,Lea County,76.2,3055.0
NC,Tyrrell County,76.2,3055.0
TX,Lamb County,76.2,3055.0
GA,Taylor County,76.2,3055.0
PR,Vega Baja Municipio,76.1,3059.0
KY,Knox County,76.1,3059.0
MS,Sunflower County,76.1,3059.0
TX,Andrews County,76,3063.0
MS,Yazoo County,76,3063.0
TX,Upton County,76,3063.0
PR,Loza Municipio,76,3063.0
CA,Kern County,76,3063.0
WA,Franklin County,75.9,3067.0
FL,Hamilton County,75.9,3067.0
PR,Juncos Municipio,75.9,3067.0
AL,Barbour County,75.7,3070.0
TX,Foard County,75.7,3070.0
WV,Mingo County,75.7,3070.0
TX,Crane County,75.6,3072.5
TX,Zavala County,75.6,3072.5
PR,Manat Municipio,75.5,3074.5
TX,Glasscock County,75.5,3074.5
PR,Vega Alta Municipio,75.4,3076.5
LA,Madison Parish,75.4,3076.5
KY,Bell County,75.3,3078.5
PR,Sabana Grande Municipio,75.3,3078.5
GA,Treutlen County,75.2,3082.5
PR,Ceiba Municipio,75.2,3082.5
TX,Concho County,75.2,3082.5
GA,Johnson County,75.2,3082.5
PR,Barranquitas Municipio,75.2,3082.5
TX,Hale County,75.2,3082.5
PR,Aguadilla Municipio,75.1,3087.0
KS,Ford County,75.1,3087.0
KY,Elliott County,75.1,3087.0
LA,Evangeline Parish,75,3090.0
TX,Karnes County,75,3090.0
TX,Pecos County,75,3090.0
AZ,Yuma County,74.9,3093.0
KY,Harlan County,74.9,3093.0
ID,Owyhee County,74.9,3093.0
FL,DeSoto County,74.7,3095.5
TX,Uvalde County,74.7,3095.5
MS,Quitman County,74.6,3097.5
WV,McDowell County,74.6,3097.5
TX,Collingsworth County,74.5,3101.0
KY,Casey County,74.5,3101.0
PR,Quebradillas Municipio,74.5,3101.0
PR,Barceloneta Municipio,74.5,3101.0
VA,Emporia city,74.5,3101.0
MS,Benton County,74.4,3104.0
PR,Peuelas Municipio,74.3,3106.0
GA,Clinch County,74.3,3106.0
KY,Estill County,74.3,3106.0
TX,Deaf Smith County,74.2,3108.0
PR,Aguas Buenas Municipio,74.1,3109.5
NY,Bronx County,74.1,3109.5
PR,Isabela Municipio,73.9,3112.0
KS,Stevens County,73.9,3112.0
PR,Morovis Municipio,73.9,3112.0
PR,Cabo Rojo Municipio,73.8,3114.0
WA,Yakima County,73.7,3116.0
KY,Martin County,73.7,3116.0
VA,Buchanan County,73.7,3116.0
PR,Utuado Municipio,73.6,3120.5
TN,Lake County,73.6,3120.5
FL,Lafayette County,73.6,3120.5
CA,Kings County,73.6,3120.5
TX,Floyd County,73.6,3120.5
PR,Maunabo Municipio,73.6,3120.5
AR,Sevier County,73.5,3124.0
NE,Colfax County,73.4,3125.5
CA,Colusa County,73.4,3125.5
SD,Oglala Lakota County,73.3,3127.5
TX,Parmer County,73.3,3127.5
PR,Rincn Municipio,73.2,3129.5
OK,Texas County,73.2,3129.5
PR,Yabucoa Municipio,73.1,3131.0
CA,Monterey County,73,3133.5
TX,Terry County,73,3133.5
KY,Lee County,73,3133.5
PR,Vieques Municipio,73,3133.5
LA,Catahoula Parish,72.9,3138.0
TX,Swisher County,72.9,3138.0
TX,Yoakum County,72.9,3138.0
TX,Jim Hogg County,72.9,3138.0
GA,Wheeler County,72.9,3138.0
TX,Hansford County,72.7,3141.5
GA,Murray County,72.7,3141.5
PR,Camuy Municipio,72.6,3144.0
CA,Tulare County,72.6,3144.0
MT,Liberty County,72.6,3144.0
PR,Corozal Municipio,72.5,3146.5
GA,Macon County,72.5,3146.5
KS,Haskell County,72.4,3148.0
PR,San Lorenzo Municipio,72.3,3150.0
GA,Whitfield County,72.3,3150.0
TX,Duval County,72.3,3150.0
PR,Comero Municipio,72.2,3152.5
PR,Mayagez Municipio,72.2,3152.5
KY,Magoffin County,72.1,3154.5
GA,Chattooga County,72.1,3154.5
TX,Bailey County,71.9,3156.5
CA,Madera County,71.9,3156.5
KS,Finney County,71.8,3158.5
TX,Winkler County,71.8,3158.5
TX,Sherman County,71.6,3160.0
GA,Warren County,71.5,3161.0
KY,Jackson County,71.4,3162.0
PR,Naranjito Municipio,71.3,3163.0
PR,Aasco Municipio,71.1,3164.0
PR,San Germn Municipio,70.9,3166.5
GA,Stewart County,70.9,3166.5
TX,Dawson County,70.9,3166.5
TX,Val Verde County,70.9,3166.5
NM,Luna County,70.7,3169.0
CA,Imperial County,70.5,3170.5
TX,Reeves County,70.5,3170.5
GA,Telfair County,70.4,3173.5
KY,Knott County,70.4,3173.5
CA,Merced County,70.4,3173.5
KS,Seward County,70.4,3173.5
PR,Gunica Municipio,70.3,3176.5
TX,Dallam County,70.3,3176.5
PR,Moca Municipio,70.2,3178.0
PR,Orocovis Municipio,70.1,3179.0
TX,Cameron County,69.5,3180.5
PR,San Sebastin Municipio,69.5,3180.5
FL,Glades County,69.4,3182.5
FL,Hendry County,69.4,3182.5
GA,Hancock County,69,3184.0
GA,Quitman County,68.9,3185.0
TX,La Salle County,68.8,3186.5
TX,Webb County,68.8,3186.5
TX,Dimmit County,68.6,3188.0
WA,Adams County,68.5,3190.5
KY,Owsley County,68.5,3190.5
TX,Brooks County,68.5,3190.5
TX,Willacy County,68.5,3190.5
TX,Zapata County,68.3,3193.5
KY,Clay County,68.3,3193.5
TX,Cochran County,67.5,3195.0
TX,Hidalgo County,67.4,3196.0
PR,Lajas Municipio,67.1,3197.5
TX,Moore County,67.1,3197.5
PR,Lares Municipio,67,3199.5
PR,Ciales Municipio,67,3199.5
GA,Atkinson County,66.8,3201.0
PR,Aguada Municipio,66.4,3202.0
TX,Garza County,66.2,3203.0
KY,Wolfe County,66,3204.0
LA,East Carroll Parish,65.6,3205.0
TX,Frio County,65.5,3206.0
ID,Clark County,65.3,3207.0
PR,Adjuntas Municipio,65.1,3208.0
TX,Culberson County,63.7,3209.0
TX,Maverick County,63.5,3210.0
PR,Las Maras Municipio,63.4,3211.0
TX,Gaines County,61.6,3212.0
IN,LaGrange County,59.6,3213.0
MS,Issaquena County,59.5,3214.0
PR,Maricao Municipio,58.8,3215.5
TX,Starr County,58.8,3215.5
OH,Holmes County,56.5,3217.0
TX,Presidio County,52.1,3218.0
TX,Hudspeth County,49.6,3219.0
TX,Kenedy County,18.5,3220.0
MT,Yellowstone National Park,0,3226.0
AK,Kuskokwim Division,0,3226.0
VA,Bedford city,0,3226.0
AK,Aleutian Islands,0,3226.0
AK,Prince of Wales-Outer Ketchikan Census Area,0,3226.0
AK,Skagway-Yakutat-Angoon Census Area,0,3226.0
AK,Skagway-Hoonah-Angoon Census Area,0,3226.0
AK,Upper Yukon Division,0,3226.0
AK,Wrangell-Petersburg Census Area,0,3226.0
VA,Clifton Forge city,0,3226.0
AK,Valdez-Cordova Census Area,0,3226.0
